id,submitdate,lastpage,startlanguage,seed,startdate,datestamp,rating010101[ImasM],rating010101[ImasF],rating010101[WtiM],rating010101[WtiF],cues010101,rating010102[ImasM],rating010102[ImasF],rating010102[WtiM],rating010102[WtiF],cues010102,rating010103[ImasM],rating010103[ImasF],rating010103[WtiM],rating010103[WtiF],cues010103,realistic0101,frequency0101,rating010201[ImasM],rating010201[ImasF],rating010201[WtiM],rating010201[WtiF],cues010201,rating010202[ImasM],rating010202[ImasF],rating010202[WtiM],rating010202[WtiF],cues010202,realistic0102,frequency0102,rating010501[ImasM],rating010501[ImasF],rating010501[WtiM],rating010501[WtiF],cues010501,rating010502[ImasM],rating010502[ImasF],rating010502[WtiM],rating010502[WtiF],cues010502,realistic0105,frequency0105,rating010601[ImasM],rating010601[ImasF],rating010601[WtiM],rating010601[WtiF],cues010601,rating010602[ImasM],rating010602[ImasF],rating010602[WtiM],rating010602[WtiF],cues010602,rating010603[ImasM],rating010603[ImasF],rating010603[WtiM],rating010603[WtiF],cues010603,rating010604[ImasM],rating010604[ImasF],rating010604[WtiM],rating010604[WtiF],cues010604,realistic0106,frequency0106,rating010701[ImasM],rating010701[ImasF],rating010701[WtiM],rating010701[WtiF],cues010701,rating010702[ImasM],rating010702[ImasF],rating010702[WtiM],rating010702[WtiF],cues010702,rating010703[ImasM],rating010703[ImasF],rating010703[WtiM],rating010703[WtiF],cues010703,realistic0107,frequency0107,rating010801[ImasM],rating010801[ImasF],rating010801[WtiM],rating010801[WtiF],cues010801,realistic0108,frequency0108,rating020101[ImasM],rating020101[ImasF],rating020101[WtiM],rating020101[WtiF],cues020101,rating020102[ImasM],rating020102[ImasF],rating020102[WtiM],rating020102[WtiF],cues020102,rating020103[ImasM],rating020103[ImasF],rating020103[WtiM],rating020103[WtiF],cues020103,realistic0201,frequency0201,rating020301[ImasM],rating020301[ImasF],rating020301[WtiM],rating020301[WtiF],cues020301,rating020302[ImasM],rating020302[ImasF],rating020302[WtiM],rating020302[WtiF],cues020302,rating020303[ImasM],rating020303[ImasF],rating020303[WtiM],rating020303[WtiF],cues020303,realistic0203,frequency0203,rating03a0201[ImasM],rating03a0201[ImasF],rating03a0201[WtiM],rating03a0201[WtiF],cues03a0201,rating03a0202[ImasM],rating03a0202[ImasF],rating03a0202[WtiM],rating03a0202[WtiF],cues03a0202,realistic03a02,frequency03a02,rating03a0301[ImasM],rating03a0301[ImasF],rating03a0301[WtiM],rating03a0301[WtiF],cues03a0301,rating03a0302[ImasM],rating03a0302[ImasF],rating03a0302[WtiM],rating03a0302[WtiF],cues03a0302,rating03a0303[ImasM],rating03a0303[ImasF],rating03a0303[WtiM],rating03a0303[WtiF],cues03a0303,realistic03a03,frequency03a03,rating03a0401[ImasM],rating03a0401[ImasF],rating03a0401[WtiM],rating03a0401[WtiF],cues03a0401,rating03a0402[ImasM],rating03a0402[ImasF],rating03a0402[WtiM],rating03a0402[WtiF],cues03a0402,rating03a0403[ImasM],rating03a0403[ImasF],rating03a0403[WtiM],rating03a0403[WtiF],cues03a0403,realistic03a04,frequency03a04,rating03a0601[ImasM],rating03a0601[ImasF],rating03a0601[WtiM],rating03a0601[WtiF],cues03a0601,rating03a0602[ImasM],rating03a0602[ImasF],rating03a0602[WtiM],rating03a0602[WtiF],cues03a0602,realistic03a06,frequency03a06,rating03a0701[ImasM],rating03a0701[ImasF],rating03a0701[WtiM],rating03a0701[WtiF],cues03a0701,realistic03a07,frequency03a07,rating03a0801[ImasM],rating03a0801[ImasF],rating03a0801[WtiM],rating03a0801[WtiF],cues03a0801,realistic03a08,frequency03a08,rating03b0501[ImasM],rating03b0501[ImasF],rating03b0501[WtiM],rating03b0501[WtiF],cues03b0501,rating03b0502[ImasM],rating03b0502[ImasF],rating03b0502[WtiM],rating03b0502[WtiF],cues03b0502,rating03b0503[ImasM],rating03b0503[ImasF],rating03b0503[WtiM],rating03b0503[WtiF],cues03b0503,realistic03b05,frequency03b05,rating03b0601[ImasM],rating03b0601[ImasF],rating03b0601[WtiM],rating03b0601[WtiF],cues03b0601,rating03b0602[ImasM],rating03b0602[ImasF],rating03b0602[WtiM],rating03b0602[WtiF],cues03b0602,realistic03b06,frequency03b06,rating03b0701[ImasM],rating03b0701[ImasF],rating03b0701[WtiM],rating03b0701[WtiF],cues03b0701,rating03b0702[ImasM],rating03b0702[ImasF],rating03b0702[WtiM],rating03b0702[WtiF],cues03b0702,realistic03b07,frequency03b07,rating03b1201[ImasM],rating03b1201[ImasF],rating03b1201[WtiM],rating03b1201[WtiF],cues03b1201,rating03b1202[ImasM],rating03b1202[ImasF],rating03b1202[WtiM],rating03b1202[WtiF],cues03b1202,realistic03b12,frequency03b12,rating040201[ImasM],rating040201[ImasF],rating040201[WtiM],rating040201[WtiF],cues040201,rating040202[ImasM],rating040202[ImasF],rating040202[WtiM],rating040202[WtiF],cues040202,rating040203[ImasM],rating040203[ImasF],rating040203[WtiM],rating040203[WtiF],cues040203,rating040204[ImasM],rating040204[ImasF],rating040204[WtiM],rating040204[WtiF],cues040204,rating040205[ImasM],rating040205[ImasF],rating040205[WtiM],rating040205[WtiF],cues040205,realistic0402,frequency0402,rating040301[ImasM],rating040301[ImasF],rating040301[WtiM],rating040301[WtiF],cues040301,rating040302[ImasM],rating040302[ImasF],rating040302[WtiM],rating040302[WtiF],cues040302,realistic0403,frequency0403,rating040401[ImasM],rating040401[ImasF],rating040401[WtiM],rating040401[WtiF],cues040401,rating040402[ImasM],rating040402[ImasF],rating040402[WtiM],rating040402[WtiF],cues040402,realistic0404,frequency0404,rating050301[ImasM],rating050301[ImasF],rating050301[WtiM],rating050301[WtiF],cues050301,rating050302[ImasM],rating050302[ImasF],rating050302[WtiM],rating050302[WtiF],cues050302,rating050303[ImasM],rating050303[ImasF],rating050303[WtiM],rating050303[WtiF],cues050303,rating050304[ImasM],rating050304[ImasF],rating050304[WtiM],rating050304[WtiF],cues050304,realistic0503,frequency0503,rating050501[ImasM],rating050501[ImasF],rating050501[WtiM],rating050501[WtiF],cues050501,rating050502[ImasM],rating050502[ImasF],rating050502[WtiM],rating050502[WtiF],cues050502,realistic0505,frequency0505,rating050601[ImasM],rating050601[ImasF],rating050601[WtiM],rating050601[WtiF],cues050601,rating050602[ImasM],rating050602[ImasF],rating050602[WtiM],rating050602[WtiF],cues050602,realistic0506,frequency0506,rating050801[ImasM],rating050801[ImasF],rating050801[WtiM],rating050801[WtiF],cues050801,rating050802[ImasM],rating050802[ImasF],rating050802[WtiM],rating050802[WtiF],cues050802,rating050803[ImasM],rating050803[ImasF],rating050803[WtiM],rating050803[WtiF],cues050803,realistic0508,frequency0508,rating060301[ImasM],rating060301[ImasF],rating060301[WtiM],rating060301[WtiF],cues060301,rating060302[ImasM],rating060302[ImasF],rating060302[WtiM],rating060302[WtiF],cues060302,rating060303[ImasM],rating060303[ImasF],rating060303[WtiM],rating060303[WtiF],cues060303,realistic0603,frequency0603,rating080101[ImasM],rating080101[ImasF],rating080101[WtiM],rating080101[WtiF],cues080101,rating080102[ImasM],rating080102[ImasF],rating080102[WtiM],rating080102[WtiF],cues080102,realistic0801,frequency0801,rating080201[ImasM],rating080201[ImasF],rating080201[WtiM],rating080201[WtiF],cues080201,rating080202[ImasM],rating080202[ImasF],rating080202[WtiM],rating080202[WtiF],cues080202,realistic0802,frequency0802,gender,age,study,drivinglicence
12,2020-03-12 16:53:07,98,en,448750510,2020-03-12 16:19:22,2020-03-12 16:53:07,1,1,1,1,Beide gehen geradeaus ohne ihren Kopf/ Körper zur Straße zu drehen,4,3,5,3,Die männliche Person macht auf die weibliche Person aufmerksam obwohl sie ihn nicht sieht. Also will er wohl interagieren mit ihr.,5,1,5,3,Er beginnt auf die Straße zu laufen.,4,2,1,1,1,1,,2,2,3,5,,4,3,1,1,2,4,,1,1,3,4,,4,4,2,1,4,1,,2,1,4,3,,5,2,5,3,,5,1,5,4,,4,3,1,2,1,3,,1,4,2,5,,2,5,3,5,,4,3,1,4,4,5,,4,4,1,1,4,2,,2,2,4,3,,3,2,4,4,,2,2,1,2,1,3,,2,4,2,5,,1,5,4,5,,3,3,1,2,1,4,,2,5,3,5,,4,3,1,2,1,4,,1,3,3,4,,2,5,3,5,,4,4,2,1,4,1,,2,1,4,2,,4,2,4,3,,4,4,3,2,5,2,,5,1,5,3,,5,5,5,1,4,5,,3,3,2,3,3,5,,4,3,1,1,1,3,Sie dreht ihren Kopf zu ihm,1,1,2,4,,4,1,4,4,,5,4,2,1,4,3,,2,5,4,4,,4,4,2,1,4,2,,2,5,4,5,,4,3,2,1,4,2,,2,5,4,5,,4,4,1,1,1,1,,1,1,1,1,,1,1,3,1,,1,1,4,3,,5,2,5,4,,4,4,2,4,2,5,,2,5,3,5,,4,4,2,1,3,4,,4,1,5,5,,4,3,1,1,1,1,,1,1,1,2,,1,1,2,4,,5,2,5,4,,4,3,5,2,5,2,,5,2,5,3,,4,4,2,3,2,4,,2,5,3,5,,4,3,1,1,2,1,,2,1,4,1,,3,1,4,4,,4,4,1,1,1,1,,1,1,4,2,,2,2,3,3,,5,5,1,1,1,2,,1,1,1,1,,5,5,1,1,1,2,,1,1,1,1,,5,5,m,23,Computer Science,2
14,2020-03-17 10:54:53,98,en,1804663979,2020-03-17 09:25:26,2020-03-17 10:54:53,1,1,1,1,"* männliche Person ist außerhalb Sichtfeld von weiblicher Person
* männliche Person blickt geradeaus",3,2,5,3,"* männliche Person macht durch Geste + Rufen auf sich aufmerksam
* weibliche Person bleibt stehen und dreht sich um",5,1,5,4,"* männliche Person macht einen Schritt Richtung Straße
* weibliche Person stoppt und reagiert",5,4,1,2,1,5,,2,2,4,4,,4,3,1,2,2,5,,3,3,5,5,,4,3,1,1,5,1,"* männl. Person nimmt weibl. Person wahr und winkt
* weibl. Person nimmt nix wahr",3,3,4,3,,4,3,5,4,,5,1,5,5,"* weibl. Person bleibt stehen
* männl. Person setzt deutlich zum Überqueren an",5,4,1,1,1,2,,1,5,3,5,* weibl. Person ändert/erhöht ihr Gehtempo um die andere Person einzuholen,1,5,4,5,,4,4,2,5,5,5,"* weibl. Person deutet mit Geste an, dass sie zur anderen Person rüberkommen will",4,3,2,1,5,1,* männl. Person versucht auf sich aufmerksam zu machen,2,2,4,3,* weibl. Person blickt zurück,3,2,3,4,"* weibl. Person antwortet zwar, bleibt aber nicht stehen",2,1,1,1,1,2,* weibl. Person dreht Blick leicht zur anderen Straßenseite,1,2,3,5,,1,5,5,5,"* männl. Person deutet durch Geste an, dass weibl. Person rüberkommen soll
* weibl. Person setzt zum Überqueren an",3,2,1,1,1,5,,1,3,5,5,* weibl. Person ändert ihre Gehrichtung leicht zur Straße,4,3,1,1,1,5,,3,3,4,4,,1,5,5,5,"* weibl. Person setzt zum Überqueren an
* Blickkontakt zwischen beiden bleibt bestehen",4,3,1,1,5,1,,3,1,5,2,,4,2,5,4,,4,3,2,1,5,1,"* weibl. Person nimmt männl. Person nicht wahr
* männl. Person blickt rüber und winkt",5,2,5,4,* männl. Person macht Schritt Richtung Straße,4,4,2,2,5,5,* weibl. Person scheint männl. Person herüberwinken zu wollen,5,4,2,2,5,5,,3,3,1,1,1,3,* weibl. Person schaut rüber auf andere Straßenseite,1,2,3,5,"* weibl. Person winkt zwar, macht aber den Eindruck danach weitergehen zu wollen
* männl. Person dreht den Kopf",2,2,4,2,"* weibl. Person senkt den Arm, scheint fertig interagiert zu haben und geht weiter",2,1,2,1,5,2,,2,5,5,5,"* weib. Person ändert Gehrichtung
* beide Personen schauen sich gegenseitig an",5,4,2,1,5,2,,2,4,5,5,,5,4,1,1,5,1,,1,5,3,5,* weibl. Person erhöht Tempo und wechselt Gehrichtung zur Straße,3,2,1,1,1,1,* Personen nehmen sich gegenseitig nicht wahr,1,1,3,1,,2,1,5,1,"* männl. Person versucht auf sich aufmerksam zu machen
* weibl. Person schaut in andere Richtung",3,1,4,3,,4,1,4,4,,5,3,1,1,1,5,,1,5,5,5,* weibl. Person setzt klar zum Überqueren an,4,4,1,1,1,5,,3,2,4,5,,5,4,1,1,1,1,* Personen nehmen sich gegenseitig nicht wahr,1,1,1,3,,1,2,3,4,,5,2,5,2,"* männl. Person ändert Gehrichtung deutlich zur Straße
* weibl. Person winkt, scheint aber weitergehen zu wollen",3,2,2,1,5,2,,5,2,5,5,,2,1,1,2,3,4,,2,4,5,5,"* beide Personen halten Blickkontakt
* weibl. Person ändert leicht ihre Gehrichtung zur Straße",4,3,1,1,3,1,* männl. Person blickt rüber,1,1,5,1,,2,2,4,3,,2,2,1,1,1,1,* beide blicken jeweils nur nach vorne,2,1,5,3,"* männl. Person winkt
* weibl. Person ändert Blickrichtung",2,2,3,4,"* beide grüßen sich, ändern jedoch ihre Gehrichtung nicht",5,4,1,1,1,2,,1,1,1,1,* beide scheinen sich gegenseitig wahrgenommen zu haben und richten die Blicke dann wieder nach vorne,5,5,1,1,1,1,,1,1,1,1,"* männl. Person hat weibl. Person wahrgenommen, ignoriert diese jedoch",5,5,m,24,Informatik,2
15,2020-03-18 09:48:15,98,en,923404742,2020-03-18 08:46:05,2020-03-18 09:48:15,1,1,1,1,Beide Personen zeigen keinerlei Anzeichen die auf eine Intention oder den Wunsch die Straße zu überqueren hindeuten. ,3,2,4,3,Die männliche Person winkt der weiblichen Person über die Straße hinweg. ,3,3,4,4,Die männliche Person winkt der weiblichen Person und diese winkt zurück.,4,4,1,1,1,3,"Die weibliche Person winkt, aber die männliche Person kann dies noch nicht sehen.",2,2,3,3,"Die männliche Person winkt zurück, dreht sich jedoch nicht zur Seite sondern behält die Laufrichtung bei.",4,4,2,3,3,5,Die weibliche Person winkt der männlichen Person und diese dreht sich um.,2,3,4,5,Beide Personen winken einander.,4,3,2,1,3,1,Die weibliche Person sieht die männliche Person nicht. Die männliche Person winkt der weiblichen Person. ,2,1,4,3,Die männliche Person winkt der weiblichen Person und diese dreht sich um. ,3,2,4,4,Beide Personen winken sich. ,5,3,5,4,Die männliche Person geht auf die Fahrbahn zu. ,4,3,1,1,1,3,Die weibliche Person sieht zur männlichen Person. Diese bemerkt die weibliche Person noch nicht. ,2,3,3,4,Die weibliche Person winkt der männlichen Person. Diese sieht hinüber.,3,5,4,5,Die weibliche Person geht in Richtung Fahrbahn.,3,3,3,4,4,5,Die Personen winken sich gegenseitig und gestikulieren. ,4,3,1,1,3,1,"Die männliche Person winkt der weiblichen, diese sieht es jedoch nicht.",2,1,4,2,Die weibliche Person dreht sich zur männlichen Person um und diese winkt ihr.,4,3,4,5,Die weibliche Person winkt die männliche Person herbei.,4,2,1,1,1,2,Die weibliche Person sieht zur männlichen Person hinüber.,2,3,3,4,Die weibliche Person winkt der männlichen Person. Diese dreht sich um. ,2,5,5,5,Die weibliche Person geht auf die Fahrbahn zu.,3,3,1,2,1,4,Die weibliche Person winkt der männlichen Person. Diese sieht das noch nicht.,2,2,4,5,Beide Personen sehen sich und winken einander.,4,4,1,2,1,4,Die weibliche Person winkt der männlichen Person. ,2,4,4,5,Die weibliche Person winkt und dreht sich zur Straße.,2,5,4,5,Beide Personen winken sich und die weibliche Person geht auf die Fahrbahn zu. ,4,3,3,1,4,1,Die männliche Person winkt der weiblichen Person. Diese sieht die männliche Person noch nicht.,3,2,4,2,Die weibliche Person bemerkt die männliche Person.,3,3,4,4,Beide Personen winken sich. ,4,4,1,1,3,2,Die männliche Person winkt der weiblichen Person und diese sieht hinüber. ,4,2,5,4,"Die weibliche Person winkt zurück, ändert jedoch nicht die Laufrichtung. Die männliche Person dreht sich zur Straße. ",5,4,4,3,4,5,Die weibliche Person winkt die männliche Person herbei.,4,3,3,3,4,4,Beide Personen winke sich.,5,4,1,1,1,1,Es gibt keinerlei Anzeichen der Interaktion.,1,1,1,3,Die weibliche Person hebt die Hand und winkt der männlichen Person.,1,1,3,1,Die männliche Person winkt der weiblichen Person.,5,5,2,1,4,2,Die männliche Person winkt der weiblichen Person. Diese bemerkt das.,2,3,4,4,Die Personen winken sich.,4,4,3,2,4,2,Die männliche Person winkt der weiblichen Person. Die weibliche Person sieht das.,3,5,4,4,Beide Personen winken sich und die weibliche Person dreht sich zur Fahrbahn.,4,4,2,1,3,2,Die männliche Person winkt der weiblichen Person.,2,5,4,4,Die weibliche Person winkt zurück und geht auf die Fahrbahn zu. ,4,4,1,1,1,1,,1,1,1,1,Keine Anzeichen der Interaktion,1,1,3,1,Die männliche Person winkt der weiblichen Person. Die weibliche Person sieht ihn noch nicht.,2,1,4,3,Die weibliche Person sieht dass die männliche Person ihr winkt.,2,2,4,4,Beide Personen winken einander.,5,4,2,3,2,5,Die weibliche Person steht am Straßenrand und winkt der männlichen Person.,3,5,4,5,Die weibliche Person geht auf die Fahrbahn zu.,5,5,3,2,3,5,Heftiges winken der weiblichen Person.,3,3,3,4,Die männliche Person winkt zurück.,5,3,1,1,1,1,Keinerlei Interaktion.,1,1,1,3,Weibliche Person sieht zur männlichen Person hinüber.,1,2,3,4,Die weibliche Person winkt der männlichen Person und diese sieht hinüber.,5,2,4,4,Die männliche Person winkt zurück und dreht sich zur Straße.,5,4,2,1,4,3,Die männliche Person winkt der weiblichen Person und diese sieht hinüber.,4,2,5,3,"Die Personen winken sich gegenseitig und die männliche Person geht auf die Fahrbahn zu,",4,4,2,3,2,4,Die weibliche Person winkt der männlichen Person.,3,3,4,4,Beide Personen winken sich. ,3,3,1,1,2,1,Die männliche Person sieht zur weiblichen Person hinüber.,2,1,4,1,Die männliche Person winkt der weiblichen Person. Diese sieht das noch nicht. ,3,2,4,3,Beide Personen winken sich. ,4,3,1,1,1,1,,2,1,4,3,"Die männliche Person winkt der weiblichen Person. Diese sieht die männliche Person.
",2,2,4,4,Beide Personen winken einander.,5,5,1,1,1,1,Keine Interaktion,1,1,1,1,Keine Interaktion,5,5,2,1,2,1,Die männliche Person sieht zur weiblichen Person hinüber. ,1,1,2,1,,5,5,f,25,Informatik,2
16,2020-03-18 13:50:07,98,en,1787903404,2020-03-18 12:55:26,2020-03-18 13:50:06,2,1,2,1,"Sie laufen mit einem großen Abstand zueinander und die Frau hat dem Mann den Rücken zugedreht. Würde der Mann mit ihr interagieren wollen, müsste er die Frau erst auf sich aufmerksam machen, was er in der Videosequenz nicht getan hat.",3,2,5,3,"Der Mann muss durch Rufen auf sich aufmerksam machen, was eine klare Intention zeigt, dass er mit der Frau interagieren möchte. Die Frau reagiert auf das Rufen, es ist aber noch nicht absehbar, ob sie positiv oder negativ darauf reagiert.",4,2,5,4,"Der Mann hat die Frau durch Rufen auf sich aufmerksam gemacht, was eine klare Intention zeigt, dass er mit ihr interagieren möchte. Außerdem nähert er sich jetzt stark der Straße, was den Schluss zulässt, dass er die Straße auch überqueren möchte. Dabei achtet er jedoch nicht auf den Verkehr auf der Straße. 
Die Frau reagiert durch ein Winken auf den Zuruf des Mannes, was als positive Reaktion gewertet werden kann. Sie nähert sich aber nicht der Straße an.",4,4,1,2,2,4,"Der Mann hat die Frau noch nicht bemerkt, weswegen sie ihn durch Zurufen auf sich aufmerksam macht. Dies zeigt eine klare Interaktionsabsicht. Beide nähern sich aber noch nicht der Straße.",2,3,4,4,"Da der Mann positiv auf den Zuruf reagiert hat, scheint er auch Interesse an der Interaktion zu haben. Jedoch scheinen sich beide noch nicht der Straße zuzuwenden.",4,4,2,3,3,4,Da die Frau sich durch Rufen bemerkbar macht.,2,4,4,5,Da die Frau den Mann schon vorher bemerkt hat und sie sich leicht der Straße zuneigt.,4,4,2,1,4,1,"Da der Mann der Frau zuruft, sie hat ihn aber noch nicht bemerkt.",3,2,4,3,Sie hat noch nicht positiv oder negativ reagiert.,3,2,4,4,Er wendet sich minimalst der Straße zu.,5,2,5,4,Er ist schon fast auf der Straße.,4,4,1,3,1,3,"Da die Frau den Mann bemerkt hat, er sie aber noch nicht.",1,5,2,5,"Da der Mann sie gerade erst bemerkt hat und die Frau schon fast auf der Straße ist,",1,5,4,5,Die Frau ist noch deutlicher fast auf der Straße.,4,4,2,4,5,5,Beide reagieren positiv und die Frau wendet sich der Straße zu. Sie scheint in die Richtung des Mannes zu zeigen.,4,4,3,1,4,1,Da die Frau den Mann noch nicht bemerkt hat.,3,2,4,3,Von der Frau ist noch keine positive oder negative Reaktion erkennbar.,3,2,4,4,"Die Frau reagiert positiv. Bis jetzt ist aber noch nicht erkennbar, wer die Straße überqueren wird.",4,4,1,2,1,3,Da die Frau den Mann nun entdeckt hat.,2,3,3,4,Da der Mann noch nicht positiv oder negativ reagiert hat.,2,5,5,5,Da die Frau schon fast auf der Straße ist.,4,4,1,3,1,4,Da der Mann die Frau noch nicht bemerkt hat. Sie macht sich bemerkbar.,3,5,5,5,Beide reagieren positiv und die Frau wendet sich der Straße zu.,4,4,1,4,1,4,Da der Mann die Frau noch gar nicht bemerkt hat.,1,4,3,5,Da die Frau sich leicht der Straße zuwendet.,3,5,4,5,Da die Frau sich jetzt noch offensichtlicher der Straße zuwendet.,4,4,3,1,4,1,Da die Frau den Mann noch nicht bemerkt hat.,3,2,4,3,Da die Frau noch nicht positiv oder negativ reagiert hat.,3,3,4,4,Beide wenden sich minimal der Straße zu (die Frau aber leicht mehr).,4,4,2,1,4,2,"Wieder macht der Mann die Frau durch Zurufen auf sich aufmerksam, was eine Intention zur Interaktion vermuten lässt. Die Frau blickt zwar auf, bis jetzt ist aber noch keine positive oder negative Reaktion von ihr erkennbar. 
Beide haben sich beim Gehen noch nicht der Straße zugewandt.",5,2,5,4,"Der Mann begibt sich in Richtung Straße und zeigt eine starke Intention, die Straße überqueren zu wollen. Die Frau hat nun positiv auf den Zuruf reagiert, was einen Willen zur Interaktion zeigt.",4,4,3,3,4,4,"Beide reagieren positiv aufeinander,",4,4,2,4,4,5,Da die Frau sich schon der Straße zuwendet.,4,4,1,2,2,3,"Ich schätze die Intention zur Interaktion von der weiblichen Person höher ein, da sie ihren Kopf aktiv dem Mann zuwendet. Deswegen schätze ich auch ihre Intention zur Überquerung der Straße höher ein.",3,3,4,4,"Da beide positiv reagieren, ist noch kein Unterschied erkennbar, wer die Straße überqueren wird. ",4,3,4,4,"Da der Mann sich minimal der Straße zubewegt, glaube ich, dass eher er die Straße überqueren wird.",4,4,3,2,4,3,Da der Mann durch Rufen auf sich aufmerksam macht.,3,4,4,5,Da die Frau sich der Straße zuwendet.,4,4,2,2,4,3,Da die Frau noch nicht reagiert hat.,2,5,4,4,Da die Frau sich klar der Straße zuwendet.,4,4,3,2,4,3,Da die Frau noch nicht reagiert hat.,3,5,4,5,Da die Frau sich schon klar der Straße zuwendet.,4,4,2,2,2,1,"Die Frau hat ihren Blick zwar auf die Straße gerichtet, doch ihre Beinstellung zeigt, dass sie eher dort stehen bleibt und wartet, anstatt die Straße überqueren zu wollen. Sie hat den Mann noch nicht bemerkt, weswegen sie auch keinen Willen zur Interaktion haben kann.",2,2,3,1,"Der Mann hat die Frau nun bemerkt, sie ihn aber noch nicht.",3,2,4,1,"Da der Mann der Frau nun zuruft, scheint sein Wille zur Interaktion vorhanden zu sein. Die Frau hat ihn jedoch noch nicht bemerkt und kann deswegen in dieser Sequenz auch noch nicht den Willen zur Überquerung der Straße haben.",3,2,5,2,"Da die Frau den Mann erst jetzt bemerkt, hat sie noch keine Intention die Straße zu überqueren.",4,2,5,5,Da der Mann sich schon leicht der Straße zuwendet.,4,4,2,3,4,2,"Die Frau scheint auf den Mann gewartet zu haben. Da sie ihn früher entdeckt, wird sie ihm wahrscheinlich entgegenkommen.",3,5,4,5,Die Frau befindet sich schon fast auf der Straße.,4,4,2,3,3,5,Da der Mann noch nicht auf die Frau reagiert hat.,4,3,4,4,Da der Mann sich schon zur Straße bewegt.,4,4,1,1,1,1,"Beide laufen nicht weit voneinander entfernt, zeigen aber keinen Wunsch auf Interaktion.",1,2,1,2,"Obwohl der Mann weiter hinten läuft (die Frau also schon bemerkt haben muss), reagiert er nicht. Die Frau wird nun aufmerksam.",2,3,2,4,Da die Frau ihn nun grüßt.,5,2,5,4,Da der Mann sich nun der Straße zuwendet.,4,4,3,1,4,2,Da der Mann ruft und sich minimal der Straße zuwendet.,4,2,4,4,"Da der Mann sich noch deutlicher der Straße zuwendet,",4,4,2,3,3,4,Da die Frau schon reagiert hat.,1,5,4,5,Da die Frau sich ganz klar der Straße zuwendet.,4,4,2,1,3,1,"Da der Mann die Frau zwar entdeckt hat, aber noch nicht positiv oder negativ auf sie reagiert hat.",2,1,4,2,Die Frau hat noch nicht reagiert.,3,2,4,4,"Beide reagieren positiv, der Mann hat sich der Frau aber stärker zugewendet, deswegen wird wahrscheinlich wenn dann er über die Straße laufen.",4,4,2,2,2,2,Es ist ja noch nicht wirklich was passiert.,2,2,4,3,Da der Mann den Arm zum Gruß hebt.,3,3,4,4,"Keiner von beiden macht bis jetzt Anstalten, die Straße überqueren zu wollen. Durch das gegenseitige Grüßen ist ein Wille zur Interaktion jedoch gegeben.",4,4,1,1,1,1,Keiner hat sich bis jetzt bemerkt.,1,1,1,1,"Immer noch haben sich die beiden nicht bemerkt, bzw. kennen sich vielleicht nicht und reagieren deswegen nicht aufeinander.",5,5,1,1,1,1,"Der Mann hat zwar zur Frau gesehen, hat aber nicht auf sie reagiert.",1,1,1,1,Sie kennen sich wohl nicht und jeder geht seines Weges.,5,5,f,28,Psychologie,2
17,2020-03-19 07:45:55,98,en,1803226850,2020-03-19 06:58:15,2020-03-19 07:45:55,2,1,2,1,Anhand der Zielstrebigkeit des Ganges und anhand der Laufrichtungen.,3,2,3,3,Der Gruß der männlichen Person und die Stellung seiner Füße.,5,3,5,3,Die Gangrichtung der männlichen Person und die Reaktion der weiblichen.,4,2,1,3,2,3,,3,3,3,3,,4,3,1,3,2,3,"Die Art, wie die Frau auf dem Gehweg läuft.",1,4,2,4,Veränderung des Ganges in Richtung Mann,4,3,2,1,2,1,,3,3,3,3,Reaktion der Frau,2,2,2,2,Verhaltene Reaktionen der beiden Personen aufeinander,5,1,4,3,Laufrichtung und Reaktion des Mannes auf Gruß,4,3,1,3,1,3,"Verlangsamter Gang der Frau beim Anblick des Mannes, leichte Veränderung des Ganges Richtung Mann",1,4,3,4,Gruß der Frau und merkbare Veränderung der Laufrichtung ,1,5,3,5,"Frau läuft fast schon auf der Straße, Gruß des Mannes",4,3,2,4,4,4,Geste der Frau und ihre Laufrichtung sowie Tempo verändern sich.,4,2,2,1,3,2,,3,2,3,2,"Gruß des Mannes, Reaktion der Frau",2,3,3,3,überschwängliche Reaktion der Frau auf den Gruß,3,2,1,2,1,2,Frau sieht Mann,2,3,3,3,"Frau grüßt den Mann, dieser bemerkt sie daraufhin und dreht sich um.",2,5,2,5,"Frau läuft in Richtung des Mannes, dieser wirkt eher abweisend bzw in Eile",4,2,1,2,1,3,Handy in der Hand des Mannes,2,3,3,3,Der Mann schaut vom Handy auf,4,3,1,3,1,3,"Gruß der Frau, Mann ist mit Handy beschäftigt",2,4,2,4,Laufrichtung der Frau,2,5,3,5,,4,3,2,1,2,1,"Frau hält Handy in der Hand und sieht Mann nicht, Mann grüßt normal",2,2,2,2,"Frau sieht Mann, behält Handy aber noch in der Hand",3,2,3,2,,4,3,3,2,3,2,"Aktion des Mannes, Reaktion der Frau",5,2,5,4,Die Füße des Mannes und die Reaktion der Frau.,5,3,4,2,4,4,"Geste der Frau, Reaktion der beiden aufeinander ",4,2,2,3,3,3,"Tempo der Frau verändert sich, Art ihres Grußes und Reaktion des Mannes.",4,3,2,3,2,3,Blickrichtung und Reaktion der Frau,3,3,3,3,,4,3,4,3,Gangart des Mannes und Reaktion der Frau,4,3,2,1,2,1,"Gruß des Mannes, noch keine Reaktion der Frau",2,4,3,4,Gang in Richtung des Mannes,4,4,2,1,2,1,"Gruß des Mannes, noch keine Reaktion der Frau darauf ",2,5,3,5,"Reaktion der Frau auf den Gruß sehr freudig, Veränderung des Ganges in Richtung Mann",5,3,3,2,3,2,"Deutlicher Gruß des Mannes, noch keine bemerkbare Reaktion der Frau. Mann läuft leicht Richtung Frau",2,5,3,4,"Reaktion der Frau auf Gruß, sie läuft direkt in seine Richtung.",4,3,2,2,2,2,,2,2,2,2,"Die Art, wie die Frau dort steht, deutet daraufhin, dass sie auf jemanden wartet.",3,2,3,2,Aktion des Mannes,3,2,3,2,,3,3,3,3,Reaktion der Frau auf den Gruß des Mannes,4,3,1,4,4,4,"Frau grüßt Mann direkt, als sie ihn sieht, bewegt sich in seine Richtung",1,5,5,3,,4,3,3,4,3,5,"Überschwänglicher Gruß der Frau, noch verhaltene Reaktion des Mannes",5,2,4,5,Mann ändert Laufrichtung bei Anblick der Frau ,4,3,1,1,1,1,,1,2,1,2,Frau sieht den Mann,1,2,2,2,Verhaltener Gruß der Frau,4,1,4,2,"Reaktion des Mannes, Bewegung in Richtung Straße",4,2,2,1,2,1,Gruß des Mannes,4,2,4,3,Gangrichtung des Mannes,4,3,1,3,2,3,Gruß der Frau und ihr verlangsamter Gang,1,5,3,5,Veränderung der Laufrichtung der Frau,4,4,2,1,2,1,"Mann erblickt Frau, verändert leicht Gangart und -richtung.",3,2,3,2,"Gruß des Mannes, noch keine Reaktion der Frau",3,1,3,2,"Reaktion der Frau auf Gruß, keine deutliche Veränderung der Laufrichtungen.",4,3,2,2,2,2,,3,2,3,2,Gruß des Mannes,2,2,2,2,"Verhaltene Reaktionen beim Gruß, keine Veränderung des Ganges",5,4,1,2,1,2,"Mann sieht Frau, schaut aber direkt weg",1,1,1,1,Keine Reaktion aufeinander trotz Blickkontakt ,5,4,1,1,1,1,Verhaltene Reaktion des Mannes auf Frau,1,1,1,1,Keine Veränderung der Laufrichtung,5,4,f,28,Rechtswissenschaft,2
18,2020-03-19 10:27:45,98,en,11533244,2020-03-19 09:08:39,2020-03-19 10:27:45,1,1,1,1,,2,1,5,3,,5,2,5,5,"Der Mann bewegt sich richtung Straße -> sehr hohe Intention.
Die Frau winkt -> Wunsch sehr hoch. Andert jedoch nicht die Laufrichtung -> Intention niedrig.",5,4,1,1,1,3,"Die Richtung des Grußes der Frau ist nicht klar zu erkennen, daher nur mittlerer Wunsch.",2,2,5,5,Der Mann reagiert auf den Groß -> sehr hoher Wunsch.,5,4,1,2,3,4,,2,2,4,4,,5,4,2,1,4,1,,2,2,4,2,,4,2,5,4,,5,2,5,4,,5,4,1,1,1,3,,1,3,2,4,,2,5,4,5,,5,4,1,2,3,4,,5,4,1,1,3,1,,2,2,4,2,,4,2,3,3,,4,3,1,1,1,1,,1,2,2,4,,2,5,4,5,,5,4,1,1,1,4,,2,3,4,4,,5,4,1,2,1,4,,2,3,2,4,,3,5,5,5,,5,4,1,1,4,1,,2,1,5,2,,2,2,5,3,,5,4,1,1,5,1,,5,2,5,5,"Der Mann ändert die Bewegungsrichtung and geht auf die Straße zu -> sehr hohe intention.
Die Frau schaut in die Richtung aber ändert ihre Bewegungsrichtung nicht -> niedrige intention.",5,4,4,2,4,4,Die Handgeste der Frau fordert den Mann auf die Straße zu überqueren -> Hohe Intention des Mannes.,5,4,2,2,4,5,,5,4,1,1,1,1,,1,1,3,3,,2,2,5,4,,5,4,2,1,4,1,,2,3,4,4,,5,4,2,1,4,1,,2,3,5,5,,5,4,2,1,4,1,,2,4,4,5,Plötzlicher Richtungswechsel -> hohe Intention der Frau.,5,4,1,1,1,1,,1,1,1,1,,2,1,4,1,,2,2,5,3,,4,2,5,5,Der Mann ändert die Bewegungsrichtung -> hohe Intention die Straße zu wechseln.,5,4,1,3,1,4,,2,5,3,5,,5,4,2,2,2,5,,2,2,3,5,,5,4,1,1,1,1,,1,2,1,2,,1,2,2,3,,4,2,3,5,,5,4,3,1,4,2,,5,2,3,5,,5,4,2,2,3,4,,2,4,4,4,Die Frau ändert die Bewegungsrichtung -> hohe Intention.,5,4,1,1,2,1,,1,1,4,1,,2,1,4,3,,5,4,1,1,1,1,Keine Kontaktaufnahme -> alles sehr niedrig.,2,1,3,2,Lediglich eine kleine Handgeste -> mittlerer Wunsh,2,2,4,3,,5,4,1,1,1,1,,1,1,1,1,,5,4,1,1,1,1,,1,1,1,1,Keine Interaktion -> Wunsch/Intention sehr niedrig,5,5,m,25,Computer Science,2
19,2020-03-19 13:32:24,98,en,848343563,2020-03-19 11:57:10,2020-03-19 13:32:24,1,1,1,1,"männliche Person zeigt keine Anzeichen die weiblicher Person zu kennen, weibliche Person kann männliche Person noch nicht sehen",4,2,5,4,,5,2,5,5,"beide winken, männliche Person steht quasi schon mit einem Bein auf der Straße",5,3,1,3,2,5,"weibliche Person winkt, hat aber noch nicht ihren Körper gedreht um über die Straße zu gehen",1,4,5,5,Die Handbewegung der männlichen Person könnte ein Winken oder ein Komm her gewesen sein,5,3,2,3,2,5,,2,3,5,5,,5,3,3,1,5,2,,3,2,5,3,,4,2,5,5,,5,1,5,5,,5,3,1,1,1,2,weibliche Person hat männlcihe Person schon einen Moment angeguckt aber noch keine Reaktion gezeigt,1,4,3,5,weibliche Person geht etwas schneller um auf mänliche Person zuzugehen,1,5,5,5,,5,4,1,3,5,5,"webliche Person macht eine Handbewegung, die heißen könnte 'ich komm rüber' oder 'wir sehen uns später dahinten'",5,3,3,2,5,2,,3,2,5,3,,5,1,5,5,,5,3,1,1,1,2,,1,3,3,5,,1,5,5,5,,5,3,1,3,2,5,,3,4,5,5,"beide winken, weibliche Person ist etwas mehr zu ihm gewandt",5,3,1,2,1,5,,1,4,3,5,,1,5,5,5,,5,3,2,1,5,2,,3,1,5,2,,3,2,5,5,,5,3,3,2,5,3,"männliche Person winkt, weibliche Person hat männliche Person noch nicht angeguckt",5,3,5,5,männliche Person hat einen Schritt direkt Richtung Straße gemacht,5,4,4,1,5,5,weibliche Person macht komm her Bewegung,5,3,2,3,5,5,weibliche Person winkt energischer,5,3,1,1,1,2,"weibliche Person dreht den Kopf etwas zur anderen Person, es ist aber nicht klar ob es nur Zufall ist",2,4,3,5,,4,3,5,5,"beide winken, männliche Person dreht sich eher zur weiblichen Person hin, um evt die Straße zu überqueren",5,3,2,1,5,2,,2,4,5,5,,5,3,2,1,5,3,,2,5,5,5,"weibliche Person macht keine normale Winkbewegung sonderen eher ein 'Moment mal, ich muss dir was sagen'",5,2,2,1,5,3,,2,5,5,5,weibliche Person geht zielstrebig auf männliche Person zu,5,3,1,2,2,3,"weibliche Person scheint auf eine Person zu warten, evt auf männliche Person",1,2,2,3,,4,2,5,4,"männliche Person winkt, aber weibliche Person hat ihn noch nicht gesehen, daher würde er eher die Straße überqueren, ",3,3,5,4,"weibliche Perosn hat männliche nun gesehen, männliche Person hat sich noch nicht zur Straße gedreht deswegen ist nicht klar wer die Straße überquert",5,2,5,5,,5,3,2,4,3,5,"männliche Person zeigt zwar noch keine Reaktion aber wenn die weibliche Person auf ihn gewartet hat, hat er bestimmt auch den Wunsch mit ihr zu interagieren",1,5,5,5,"sie steht quasi schon auf der Straße, obwohl er zu ihr guckt, denke ich niedrige Intention die Straße zu überqueren, weil er ja sieht dass sie die straße überquet",5,4,2,2,3,5,,4,2,5,5,"weibliche Person winkt stark, macht aber keinen Schritt auf die Straße zu -> will das männliche Person die Straße überquert",5,3,1,1,1,1,sind zwar nahe beieinander zeigen aber keine Anzeichen interagieren zu wollen,1,1,1,2,"weibliche Person guckt ihn an, aber ohne größere Reaktkion",1,1,2,5,beide gehen sehr gerade weiter,5,1,5,5,,4,3,3,1,4,1,"Personen scheinen schon eine Weile nebeneinander herzugehen bis die männliche Person winkt, daher niedrigerer Wunsch zu interagieren",4,1,5,5,männliche Person begibt sich Richtung Straße,3,2,1,2,3,5,,1,3,4,5,"weiblicher Person winkt enthusiastischer und dreht sich zu männlicher Person, männliche Person dreht sich nicht so sehr, daher geringerer Wusch zu interagieren",5,3,1,1,1,1,,2,1,4,2,"eigentlich war er ja schon fast vorbeigegangen bevor er gewunken hat, also will er vielleicht nicht mehr Interaktion als Winken",2,2,4,4,beide wollen bestimmt nur winken,5,2,1,1,1,1,,3,1,5,3,,3,2,5,5,,5,4,1,1,1,1,,1,1,1,1,"sie sollten sich inzwischen gesehen haben, zeigen aber keine Interaktion",5,4,1,1,1,1,"männliche Person guckt zu weiblicher Person, aber zeigt keinen Wunsch zu interagieren",1,1,1,1,,5,5,f,23,Informatik,2
20,2020-03-19 15:26:17,98,en,308371275,2020-03-19 14:28:45,2020-03-19 15:26:17,1,1,2,1,,3,2,5,4,,5,4,5,4,,5,3,1,2,3,5,,2,3,5,5,,5,5,2,4,4,5,,4,5,5,5,,5,4,5,3,5,3,,5,3,5,4,"Wunsch des Mannes sehr hoch, da er grüßt. Wunsch der Frau hoch, da sie wsl antworten wird. Intention des Mannes hoch da er sich der Straße zuwendet. Intention der Frau mittel, da sie wsl nicht mal weiß wer grüßt.",5,3,5,5,"Intention der Frau mittel, da sie seiht, dass der Mann zum Überqueren ansetzt. ",5,1,5,5,"Intention der Frau sehr niedrig, da sie stehen bleibt und eher zurück geht.",5,3,1,2,1,3,,2,5,3,5,,3,5,5,5,,4,4,2,5,5,5,"Frau zeigt an, dass sie auf die andere Straßenseite kommt.",2,3,3,2,5,3,,4,3,5,5,,5,2,5,5,Da die weibliche Person die männliche Person rüber winkt.,4,3,1,2,1,2,"Mann sieht Frau nicht, deswegen beide sehr niedrig. Frau schaut zu Mann, aber keine Reaktion sichtbar.",3,3,3,5,,1,5,5,5,"Mann winkt Frau rüber, deswegen sehr niedrig bei Intention. Frau geht auf Straße zu deswegen sehr hoch.",3,3,1,4,3,5,,4,4,5,5,"Da beide winken schätze ich Wunsch sehr hoch und Intention hoch, dass einer die Starße überquert.",5,3,2,3,2,5,,3,5,5,5,,4,5,5,5,,5,4,4,2,5,2,,4,2,5,4,,5,2,5,5,Mann wendet sich leicht der Straße zu,5,3,4,2,5,3,Männlich Person winkt deswegen hohe Einschätzung zur Interaktion. Weibliche Person ist am Handy deswegen niedrige Einschätzung zum Überqueren der Straße und Interaktion mittel.,5,3,5,5,"Männlich Person winkt und hat halben Fuß auf der Straße deswegen beides sehr hoch. Weibliche Person winkt deswegen sehr hoch bei Interaktion, aber da andere Person schon die Straße überquert, beim Überqueren mittel.",5,4,5,2,5,5,"Frau winkt man auf die andere Straßenseite. Deswegen wird er die Straße wsl überqueren, sie aber nicht.",4,3,3,4,5,5,Frau winkt und Mann schaut aufs Handy. Deswegen höhere Intention bei der Frau die Straßenseite zu wechseln.,5,3,1,1,2,3,,2,3,3,4,,4,4,5,5,,4,4,4,1,2,5,,3,5,5,5,"Frau wendet sich zur Strße, deswegen Intention sehr hoch",5,4,4,3,5,3,,3,5,5,5,Frau winkt und wendet sich zur Straße. Mann winkt nur.,5,4,3,3,3,5,"Mann grüßt Frau, Frau reagiert noch nicht. Beide könnten aber die Straße überqueren.",2,5,5,5,"Frau macht Schritt auf Straße zu, deswegen schätze ich ihre Intetion sehr hoch ein. Mnn geht dann wsl nicht über die Straße.",4,3,2,2,2,2,,2,2,2,2,,3,3,5,3,,3,3,5,5,,4,4,5,5,,5,5,2,3,2,5,"Frau grüßt deswegen sehr hoch als Wunsch und mittel als Intention, da sie noch nicht zum Gehen ansetzt. Mann reagiert noch nicht.",1,5,5,5,Beide grüßen und Frau setzt zum Überqueren der Straße an.,5,5,3,3,4,5,Frau sieht man und winkt. Mann regiert bis jetzt ncoh nicht.,4,4,5,5,"Beide grüßen sich, deswegen könnte es sein das beide auf die jeweils andere Straßenseite gehen.",5,4,1,1,1,1,,1,2,1,5,,4,5,5,5,,5,2,5,5,"männliche Intention hoch, daer sich der Straße zuwendet. Beide winken, deswegen Wunsch sehr hoch.",3,3,4,3,5,4,,5,4,5,5,,3,3,3,3,3,5,,2,5,5,5,"Frau wendet sich zur Straße, Mann nicht.",3,3,3,1,3,2,"Frau sieht Mann nicht, aber Mann sieht Frau.",3,1,5,3,"Mann grüßt, deswegen wird Frau wsl zurück grüßen.",3,3,5,5,,3,3,2,2,2,2,,3,3,5,5,,5,5,5,5,,5,5,1,3,1,3,"Mann schaut Frau an und dann wieder weg, deswegen beides sehr niedrig.",1,1,1,1,Beide schauen sich an und dann wieder weg.,5,5,1,1,1,1,"Beide beachten sich nicht, keine Interaktion.",1,1,1,1,"Mann sieht Frau, aber keine Reaktion.",5,5,f,23,Bioinformatik,2
21,2020-03-19 21:31:16,98,en,166789054,2020-03-19 19:31:07,2020-03-19 21:31:16,3,1,3,1,"Der Mann läuft schräg nach links, aber nur minimal es könnte auch sein dass er nicht zu der Frau will. Die Frau sieht den Mann nicht und läuft zielstrebig.",4,2,5,3,"Der Mann hat die Frau gerufen, die Frau hat darauf reagiert. D.h. die Frau weiß noch nicht um wen es sich handelt und wird nun in Erwägung ziehen ob sie den Mann begrüßen wird.",4,2,4,2,Die Frau sieht eher aus als würde sie direkt weiter laufen wollen und sich nach dem Winken  wieder umdrehen wollen.,2,4,1,3,2,4,,2,2,3,3,"Beide laufen weiter geradeaus, sie scheinen die Straße vorerst nicht überqueren zu wollen, auch weil der Mann sich nach dem Winken wieder abwendet.",1,4,2,4,4,4,,3,3,4,4,,4,4,4,2,5,2,,4,2,5,3,,3,2,5,3,,5,1,5,2,,3,2,2,4,1,4,,2,4,2,4,,2,5,2,5,,2,2,2,4,3,5,,5,5,3,2,4,3,,4,2,4,3,,2,2,4,4,,2,1,1,3,2,4,,2,4,3,4,,1,5,2,5,Der Mann bleibt nicht für die Frau stehen.,2,1,2,4,3,4,Weil die Frau den Arm sehr hoch hebt sieht es aus als würden die beiden sich gut kennen und sind evtl verabredet.,2,4,4,4,,1,1,1,3,1,4,Die Armbewegung der Frau ist sehr bestimmt.,2,3,2,4,,3,5,4,5,,4,4,4,2,4,3,,4,2,4,3,,4,2,5,2,Sie scheint nicht sehr interessiert an ihm zu sein.,2,2,2,2,4,3,"Die Frau scheint in ihr Handy vertieft zu sein sie hat den Mann vorher nicht gesehen, es ist somit unklar ob sie mit ihm interagieren will.",5,2,5,3,,2,3,2,4,4,4,,2,2,4,4,4,4,,2,2,4,2,4,2,,2,2,4,4,,3,3,4,4,,2,2,4,4,4,4,Die Frau reagiert mit Kopfdrehen auf den Gruß des Mannes.,2,4,3,4,Die Frau ändert direkt ihre Laufrichtung nach rechts.,2,2,4,4,4,4,,2,4,2,4,,3,2,4,2,4,2,,2,5,3,5,,1,1,2,2,2,2,,4,2,4,3,Es sieht aus als würde die Frau auf jmd. warten evtl. den Mann.,4,2,4,3,,4,2,4,2,Sieh sieht aus als würde sie auf jmd. aus der anderen Richtung warten.,4,1,4,3,,4,4,3,2,4,4,,2,5,3,4,,5,5,2,2,3,5,Die Frau scheint die aufmerksamkeit des mannes auf sich ziehen zu wollen zB um Hilfe zu erbitten. Er scheint überrascht zu sein.,4,1,4,4,,5,5,1,1,1,1,"Beide schauen woanders hin, nicht zur anderen person.",1,1,1,1,,1,2,2,3,,5,2,5,4,"Die Intention den Mannes ist sehr hoch, da er direkt beim Erblicken der Frau beginnt die Straßenseite zu wechseln.",4,2,2,3,4,2,,4,2,5,2,Die Frau winkt nur schüchtern zurück.,1,1,2,3,2,4,,1,5,2,4,,4,4,3,2,4,2,,4,2,4,2,,4,2,4,4,,3,2,2,2,2,2,,2,1,3,3,Die nur wenig erhobene Hand des Mannes zeigt dass es eher eine flüchtige Begegnung sein könnte,2,2,3,3,,5,5,1,1,1,1,,1,1,1,1,Die beiden könnten sich bereits wahrgenommen haben schauen sich jedoch nicht länger an.,5,5,1,1,1,1,Die Frau beachtet den mann gar nicht. Der Mann wendet sich nach dem Wahrnehmen der Frau direkt von ihr ab.,1,1,1,1,,5,5,f,19,Psychologie,1
22,2020-03-21 13:14:22,98,en,1183241122,2020-03-19 22:15:33,2020-03-21 13:14:22,1,1,1,1,"Kein Blickkontakt, Abstand",3,2,5,3,"Mann winkt, Frau reagiert",5,2,5,4,"Mann macht schritt richtung straße, frau winkt zurück",4,3,1,3,1,5,"Frau winkt, Mann hat sie noch nicht wahrgenommen",4,4,5,5,"Mann dreht sich um und winkt zurück. Noch niemand hat einen schritt richtung straße gemacht, daher Intention zu überqueren bei beiden hoch",4,3,2,3,3,5,Sie ruft nach ihm,2,4,5,5,"Sie macht einen kleinen schritt richtung straße, er bleibt stehen und winkt zurück",4,3,2,1,5,1,"SIe hat ihn noch nicht wahrgenommen, er sucht kontakt obwohl sie vor ihm läuft",2,1,5,3,Sie nimmt ihn wahr aber hat gruß noch nicht erwidert,5,1,5,5,"Er macht Schritt richtung Straße, sie winkt zurück",5,1,5,5,,4,3,1,1,1,2,sie wendet blick zu ihm,1,3,3,5,"Sie winkt und beschleunigt schritt, er nimmt sie wahr",1,5,5,5,Sie macht deutlichen Schritt richtung Straße,4,3,2,3,5,5,"Beide winken, sie scheint ihm ein Zeichen zu geben",5,3,2,1,4,1,Er winkt obwohl sie nicht in seine Richtung blickt,2,2,5,3,"Sie nimmt ihn wahr, hat den gruß aber noch nicht erwidert",2,2,3,3,Beide bleiben während/nach dem Gruß nicht stehen sondern laufen weiter,2,1,1,1,1,2,Sie wendet den Blick leicht zu ihm,1,1,3,5,"Sie winkt, er nimmt es wahr",1,5,5,5,Deutlicher schritt auf die straße,3,2,1,2,1,5,"Sie winkt stark, er guckt aber aufs handy",2,5,5,5,"Er winkt zurück, sie macht einen kleinen schritt richtung straße",4,3,1,2,1,5,"Sie winkt stark, er hat es noch nicht wahrgenommen",1,4,3,5,"Er hat sie wahrgenommen, sie machte einen kleinen Schritt richtung Straße",1,5,5,5,"Er winkt zurück, sie macht eindeutig einen Schritt richtung Straße",4,3,1,1,5,1,"Er winkt obwohl sie am Handy ist, also hoher wunsch zu interagieren",1,1,5,3,"Sie nimmt ihn wahr, aber noch keine weitere reaktion erkennbar",4,1,5,5,"Sie winkt zurück, er macht einen leichten schritt richtugn Straße",4,3,3,1,5,1,"Frau hat Mann noch nicht bemerkt, daher Intention zu dem Zeitpunkt null. Aber die Wahrscheinlichkeit dass sie interagieren wird (gegeben dass der Mann gewunken hat)  ist hoch",5,1,5,5,"Mann macht Schritt auf Straße und Frau reagiert. Frau keine Intention die Straße zu überqueren, da sie sieht, dass der Mann schon überquert",4,3,2,2,5,5,"Beide winken, noch kein schritt erkennbar",4,3,1,1,5,5,Beide winken freudig,5,3,1,2,1,3,"Frau blickt zu Mann, er scheint noch nicht reagiert zu haben",2,2,4,5,"Frau winkt, Mann reagiert",3,3,5,5,"Beide winken, aber noch kein Schritt richtung Straße erkennbar",4,3,2,1,4,3,"Er grüßt, sie guckt zu ihm aber hat Gruß noch nicht erwidert",2,5,5,5,Sie macht einen eindeutigen Schritt richtung Straße,4,3,1,1,5,3,"Er winkt, sie nimmt wahr",1,5,5,5,Sie winkt und macht schritt richtung Straße,4,3,2,1,5,3,"Er winkt, sie nimmt ihn wahr",1,5,5,5,Sie macht schnellen schritt richtung straße,4,3,1,1,1,1,Niemand scheint die andere Person erkannt zu haben,1,1,2,1,Mann wendet Kopf leicht zu Frau,2,1,5,1,"Mann winkt, Frau hat ihn noch nicht wahrgenommen",2,1,5,3,"Frau dreht sich um, hat aber noch nicht auf das Winken geantwortet",5,1,5,5,"Frau winkt zurück, Mann macht Schritt richtung Straße",3,2,1,2,1,5,"Sie winkt (und scheint zu warten), er hat sie noch nicht erkannt",1,5,5,5,Sie macht eindeutigen Schritt auf die Straße,5,3,1,2,3,5,,3,2,5,5,,4,3,1,1,1,1,"Laufen beinahe parallel, keine anzeichen dass sie interagieren wollen",1,1,1,3,Sie wendet leicht ihren Blick,1,1,4,4,"Zurückhaltendes Winken, aber er erwidert es",5,1,5,5,Er macht einen entschlossenen Schritt richtung Straße,2,2,4,1,5,3,"Er winkt und macht am ende eine kleine bewegung richtung straße, sie nimmt ihn war",5,1,5,4,"Sie winkt zurück, er macht klaren schritt auf die straße",2,1,1,1,3,5,"Sie winkt, er nimmt sie wahr",1,5,5,5,"Er winkt zurück, sie macht schritt richtung straße",3,2,1,1,3,1,Er wendet seinen Blick,1,1,5,1,"Er grüßt, sie hat noch nicht reagiert",3,1,5,5,"Sie grüßt zurück, er bewegt sich am ende ganz leicht richtung straße",2,2,1,1,1,1,Sie haben sich noch nicht erkannt,2,2,4,3,"Er hebt Hand (nur leicht) zum Gruß, sie dreht den Kopf",2,2,4,4,"Beide heben die Hand leicht zum Gruß, noch unklar ob sie wirklich stehen bleiben, aber die Intention zu interagieren ist vorhanden",5,4,1,2,1,4,Sie guckt länger in seine Richtung,1,1,1,1,"Sie guckt wieder nach vorne, kein Zeichen der Kontaktaufnahme",5,4,1,1,1,1,"Er blickt kurz rüber, aber wendet blick schnell wieder ab",1,1,1,1,,5,4,m,24,Volkswirtschaftslehre/Ökonometrie,2
23,2020-03-21 12:31:55,98,en,162371858,2020-03-21 10:47:04,2020-03-21 12:31:55,1,1,1,1,"Beide Personen gehen geradeaus, die Fußspitzen zeigen nach vorne ohne eine Tendenz nach link oder rechts. Soweit von hinten ersichtlich, sind ihre Blicke nach vorn gerichtet; Die Köpfe sind nicht zur Seite gedreht.",2,1,4,3,"Weiterhin zeigen die Füße beider Personen geradeaus. Das Winken der männlichen Person deutet auf den Wunsch einer Interaktion hin. Da die weibliche Person ihren Kopf nach hinten zur männlichen Person dreht, ist auch sie einer Interaktion nicht abgeneigt.",4,2,5,4,"Die männliche Person ändert ihre Richtung, der vordere Fuß zeigt klar Richtung Straße. Die weibliche Person winkt zwar, dreht jedoch nur ihren Oberkörper, während ihre Füße weiterhin geradeaus zeigen.",4,3,1,2,1,3,"Die männliche Person scheint noch keine Kenntnis von der weiblichen Person genommen zu haben, da sie den gesamten Körper samt Kopf geradeaus gerichtet hat. Die weibliche Person winkt zwar, dreht aber weder den Oberkörper Richtung Straße, noch die Beine. Den Arm streckt sie schräg vor den Körper, was wiederum ihre gerade Haltung des Oberkörpers zeigt.",2,1,2,2,"Die weibliche Person hat das Winken beendet und richtet lediglich den Kopf Richtung Straße. Die männliche Person dreht zwar den Oberkörper und den rechten Fuß etwas Richtung Straße, tut dies aber zeitgleich mit dem Winken und dem Drehen des Kopfes.",4,2,2,3,2,5,"Die weibliche Person hebt ihren Arm sehr schwungvoll, das rechte Bein ist leicht Richtung Straße gerichtet. Auch das linke Bein der männlichen Person ist leicht zur Straße gedreht, sein Kopf zur weiblichen Person nach hinten gerichtet.",2,5,4,5,"Die männliche Person stellt die Füße nah beieinander und scheint stehen bleiben zu wollen, den Blick zur weiblichen Person gerichtet. Die weibliche Person dreht das recht Bein klar zur Straße.",4,3,4,1,4,1,Die männliche Person winkt und dreht das rechte Bein Richtung weibliche Person/Straße. Die Fußspitze zeigt nach außen.,5,1,5,2,"Das linke Bein der männlichen Person ""überholt"" das rechte Bein, wird also gerade vor diesem aufgesetzt. Die weibliche Person dreht ihren Oberkörper und ihren rechten Fuß minimal, um nach hinten schauen zu können.",5,1,5,4,"Die weibliche Person winkt vor ihrem Körper hinweg der männlichen Person zu, der Gesamtkörper ist geradeaus gerichtet. Die männliche Person hält ihren Arm längere Zeit oben und bewegt sich weiter Richtung Straße.",5,1,5,4,"Die männliche Person ist beinahe im 90 Grad Winkel zur Straße ausgerichtet. Die weibliche Person dreht sich um 90 Grad und macht dabei einen Schritt nach hinten, von der Straße weg.",4,3,1,2,1,2,Die weibliche Person dreht Kopf und Oberkörper leicht zur männlichen Person.,1,5,2,5,Die weibliche Person beschleunigt ihr Schritttempo. Die Beine sind Richtung männliche Person gerichtet. Sie winkt während der Bewegung zur Straße der männlichen Person zu.,1,5,3,5,"Die männliche Person winkt und dreht den Kopf, hat den restlichen Körper jedoch geradeaus, von der Straße weg, ausgerichtet. Die weibliche Person bewegt sich Richtung Straße, ihre Fußspitze zeigt zur männlichen Person, wie auch der restliche Körper.",5,3,1,5,3,5,"Die weibliche Person zeigt Richtung männliche Person. Der recht Fuß ist dabei bereits in dieselbe Richtung ausgerichtet. Die männliche Person verlangsamt ihr Tempo, der Körper zeigt noch von der weiblichen Person weg.",3,2,2,1,3,1,"Die männliche Person dreht den Oberkörper Richtung weibliche Person, die Handfläche zeigt beim Winken zur Straße.",2,1,3,3,"Die männliche Person geht während des Winkens weiter geradeaus, die Beine beide zum Gehweg gerichtet. Die weibliche Person dreht lediglich den Kopf.",4,1,3,5,Die weibliche Person bewegt ihre Hand und versucht die männliche Person zu sich zu winken. Sie geht dabei weiter geradeaus. Die männliche Person hat währenddessen Blickkontakt zu weiblichen Person und sieht diese Handbewegung.,4,2,1,1,1,2,Die weibliche Person richtet den Blick zur männlichen Person. Beide gehen geradeaus in gleichmäßigem Tempo.,1,4,2,4,"Die männliche Person dreht nur den Kopf, während der restliche Körper geradeaus gerichtet ist. Die weibliche Person streckt ihren linken Arm leicht vom Körper weg, was auf eine Richtungsänderung nach rechts hindeutet.",1,5,5,5,Die männliche Person verlangsamt den Schritt und macht eine herbeiwinkende Bewegung zur weiblichen Person. Diese hat ihren gesamten Körper zur männlichen Person und somit auch zur Straße ausgerichtet.,4,2,1,2,1,3,"Die weibliche Person hebt den Arm sehr hoch und führt eine deutliche Winkbewegung aus, um auf sich aufmerksam zu machen. Die männliche Person hat den Blick auf ihre Handy gerichtet.",1,5,4,5,"Die weibliche Person dreht die Knie Richtung Straße während des Winkens. Die männliche Person nimmt das Handy in die andere, der weiblichen Person abgewandte Hand, um zurückzuwinken.",4,3,1,1,1,4,"Die weibliche Person hebt ihren Arm sehr hoch, um auf sich aufmerksam zu machen. Die männliche Person hat den Kopf auf das Handy in der Hand gerichtet.",1,5,3,5,Die weibliche Person dreht die Beine und den restlichen Körper Richtung Straße. Die männliche Person nimmt das Handy in die andere Hand und blickt Richtung weibliche Person.,1,5,4,5,"Die weibliche Person nähert sich der Straße, die männliche Person hebt den Arm zum Winken und blickt zur weiblichen Person.",4,3,1,1,3,1,"Die weibliche Person hat den Blick auf ihr Handy gerichtet, das sie in beiden Händen hält. Die männliche Person hebt den Arm zum Winken, der restliche Körper ist geradeaus gerichtet.",1,1,2,1,"Die weibliche Person hebt den Blick, hält dabei ihr Handy weiterhin in beiden Händen. Die männliche Person geht im gleichen Tempo wie zuvor weiter und senkt den arm bereits wieder.",5,1,5,3,"Die weibliche Person winkt zurück, woraufhin die männliche das Tempo verlangsamt und das linke Bein leicht vor das rechte setzt.",4,3,1,1,1,4,Die weibliche Person richtet ihren Blick auf ihr Handy und scheint keine Interaktion zu wünschen/zu erwarten. Die männliche Person dreht Kopf und Oberkörper Richtung weibliche Person und scheint sich mit ihr verständigen zu wollen. ,5,2,5,3,Der gesamte Körper der männlichen Person ist Richtung Straße ausgerichtet. Bereits während des Winkens tritt die Richtungsänderung ein.  Die weibliche Person richtet lediglich den Kopf Richtung Straße und hat die Füße noch geradeaus gerichtet. Sie scheint den Arm bereits wieder zu senken ohne die Gehrichtung zu verändern.,4,3,5,1,4,5,Die weibliche Person führt die Handbewegung in ihre Richtung aus und versucht die männliche Person zu sich zu winken. Beide Personen haben Blickkontakt. Die männliche Person führt das linke Bein vor das rechte und verringert dabei den Abstand des von der Straße abgewandten Beines zur Straße.,4,3,1,2,2,5,Die weibliche Person führt große Winkbewegungen aus. Beide Personen haben den restlichen Körper gerade gerichtet.,3,2,1,2,1,3,"Die weibliche Person hebt den Kopf bzw. das Kinn und dreht den Kopf Richtung männlicher Person. Ihr linker Arm geht leicht über den Oberkörper, während ihr rechter Fuß minimal Richtung Straße deutet.",1,1,2,2,"Die weibliche Person winkt nach dem Zunicken zusätzlich, was darauf hindeutet, dass sie keine weitere Interaktion wünscht. Ihr Körper ist dabei geradeaus gerichtet.",5,1,4,2,"Die Haltung der weiblichen Person bleibt unverändert, während die männliche Person den Körper Richtung Straße ausrichtet. Der Oberkörper ist nach rechts gedreht, die Handfläche zeigt Richtung Straße und die recht Fußspitze zeigt ebenfalls Richtung Straße.",4,3,1,1,2,1,"Die männliche Person hebt den Arm zwar hoch, bleibt jedoch weiterhin geradeaus gerichtet. Die Knie und Fußspitzen zeigen nach vorne.",3,5,4,5,"Die weibliche Person dreht ihren Kopf Richtung Straße, ihre Haare zeigen dabei von der Straße weg in die entgegengesetzte Richtung. Auch das rechte Bein ist zur Straße gerichtet. Den Arm bewegt sie nach dem Winken nach vorne Richtung männliche Person. Die männliche Person dreht ihr rechtes Bein ebenfalls Richtung Straße.",4,3,3,1,4,2,Die männliche Person winkt während ihr Blick Richtung weibliche Person zeigt. Die recht Fußspitze zeigt bei der Bewegung nach vorne leicht zur weiblichen Person.,4,4,5,5,Beide Personen nähern sich der Straße. Die weibliche Person dreht den linken Fuß deutlich Richtung Straße.,4,3,1,1,2,1,"Die männliche Person hebt den Arm, bewegt ihn aber nicht weiter, führt also keine wirkliche Winkbewegung aus.",5,1,3,5,"Die weibliche Person winkt schnell in kleinen Bewegungen und ändert dabei schnell die Richtung, ihr Tempo wird dabei höher. Der ganze Körper zeigt Richtung männliche Person.",3,2,1,2,1,1,"Die männliche Person folgt dem Gehweg zielstrebig, die weibliche Person hat eine wartende Haltung eingenommen (umherschweifender Blick, Füße zeigen in unterschiedliche Richtung).",2,2,3,1,Die männliche Person richtet den Blick Richtung weiblicher Person. Die weibliche Person hat weiterhin eine wartende Haltung.,2,2,4,1,Die männliche Person winkt und richtet dabei den Körper weiterhin geradeaus.,5,2,5,2,Die männliche Person richtet noch während des Winkens ihr linkes Bein Richtung Straße. Fußspitze und Knie zeigen zur weiblichen Person.,5,1,5,4,"Die weibliche Person setzt den rechten Fuß ein Stück nach hinten von der Straße weg, während sie zurückwinkt. Die männliche Person nähert sich mit dem rechten Bein der Straße an.",4,3,1,5,1,5,"Die weibliche Person hat zunächst eine wartende Haltung (umherschweifender Blick, steht) und dreht sich dann Richtung männliche Person. Während des Winkens hebt sie den linken Fuß an, mit Ausrichtung des Körpers Richtung Straße.",1,5,4,5,Die weibliche Person hat bereits zwei Schritte Richtung Straße gemacht und berührt den Bordstein bereits.,5,3,1,1,1,4,"Die weibliche Person tritt während des Winkens auf der Stelle. Sie macht dabei große Winkbewegungen, um den Blick der männlichen Person auf sich zu lenken.",4,1,4,5,Die weibliche Person steht gerade und hat den Körperschwerpunkt nicht nach vorne verlagert. Die männliche Person hebt den Arm nur ein wenig und richtet den linken Fuß zur Straße aus.,4,3,1,2,1,1,"Beide Personen gehen geradeaus, die weibliche Person hat ihren Blick Richtung Straße gerichtet, während die männliche von der Straße wegschaut.",1,2,1,2,Die weibliche Person richtet ihren Blick zur männlichen Person. der restliche Körper ist geradeaus gerichtet.,1,1,2,3,"Die weibliche Person hebt grüßend die Hand, jedoch nur bis Höhe der Schulter. Die männliche Person dreht den Kopf nun Richtung weibliche Person.",5,1,5,2,"Die männliche Person hebt die Hand, senkt den Arm leicht und hebt ihn erneut an. Dabei zeigt sie beim zweiten Mal nicht die ganze Hand sondern nur einzelne Finger, was den Eindruck entstehen lässt, dass sie der weiblichen Person signalisieren möchte, dass sie bitte warten soll. Füße sind Richtung Straße gerichtet.",4,3,5,1,5,2,Die weibliche Person ändert ihre Blickrichtung Richtung männliche Person. Die männliche Person setzt den linken Fuß Richtung Straße.,5,1,5,4,"Die weibliche Person winkt zurück und setzt die Füße dichter beieinander auf. Die männliche Person hat den linken Fuß bereits näher am Bordsteinrand aufgesetzt, das Knie des rechten Beines ins Richtung Straße gedreht.",5,3,2,1,2,3,"Beide Personen gehen geradeaus und ändern ihre Haltung dabei kaum. Die weibliche Person winkt zwar, hält ihren Körper währenddessen aber parallel zur Straße ausgerichtet. Die männliche Person dreht die linke Schulter leicht nach hinten.",1,5,4,5,Die weibliche Person winkt schneller und dreht sich Richtung Straße.,5,3,1,1,2,1,Die männliche Person richtet den Blick klar auf die weibliche Person. Der restliche Körper zeigt geradeaus.,1,1,3,1,"Die weibliche Person hat den Blick weiterhin geradeaus gerichtet, ihre Haare zeigen nach hinten. Die männliche Person dreht nur den Kopf weiterhin zur weiblichen Person und winkt, der restliche Körper ist geradeaus gerichtet.",5,1,5,3,Die männliche Person stellt den linken Fuß quer und ändert die Richtung. Den angehobenen Arm lässt sie Richtung weibliche Person sinken.,4,3,1,1,3,3,Beide Personen nehmen Blickkontakt auf.,1,1,2,3,"Die männliche Person hebt ihren Arm seitliche des Körpers nur etwas an zum Winken. Die weibliche Person dreht lediglich ihren Kopf, hat das Kinn dabei leicht nach oben gerichtet, was sie für eine Kommunikation offen wirken lässt.",1,1,2,2,Die männliche Person hält ihr Schritttempo und setzt bereits zum Beenden des Winkvorgangs an. Die weibliche Person winkt ebenfalls neben dem Körper und hält diesen dabei geradeaus gerichtet.,4,4,1,1,1,3,"Die männliche Person richtet den Blick zur weiblichen und senkt ihn anschließend wieder, während die weibliche Person den Blick aufrecht Richtung männlicher Person erhält.",1,1,1,1,Beide Personen richten ihren Blick nun vor sich.,5,4,1,1,1,1,"Die männliche Person schaut kurzzeitig zur weiblichen Person und geht unverändert weiter, den Blick am Ende wieder geradeaus gerichtet.",1,1,1,1,"Beide Personen haben den Blick geradeaus, parallel zur Straße, gerichtet.",5,5,f,24,Computer Science,2
24,2020-03-22 13:36:07,98,en,596684938,2020-03-22 12:01:24,2020-03-22 13:36:07,1,1,1,1,Beide bewegen sich in einer geraden Linie. Die weibliche Person sieht die männliche Person nicht. Die männliche Person ändert weder ihre Blickrichtung noch gibt sie verbale Signale an die weibliche Person um ihre Aufmerksamkeit zu bekommen.,3,2,4,3,"Die männliche Person hat die Interaktion gestartet. Entsprechend würde ich erwarten, dass sie interessiert ist und ggf. die Straßenseite wechselt.
Die weibliche Person hat keinen Einfluss wer sie anspricht und möchte entsprechend nicht mit jeder Person interagieren, die sie anspricht.
Da sie die Interaktion nicht gestartet hat würde ich nicht erwarten, dass sie die Straßenseite wechselt sondern eher darauf wartet, dass die männliche Person die Seite wechselt. ",5,1,5,3,"Analog zu vorheriger Situation. Die männliche Person ändert jedoch bereits ihre Richtung was darauf hindeutet, dass sie die Straße überqueren will. Entsprechend gibt es keinen Grund mehr für die weibliche Person die Straße zu überqueren.",4,2,1,4,2,5,Analog zu dem Beispiel bei dem die männliche Person versucht Kontakt aufzunehmen. ,2,3,3,3,Keiner von beiden ändert die Schrittrichtung.,3,2,2,4,3,4,Interaktion wird von der weiblichen Person gestartet. Sehr analog zu erstem Beispielvideo.,1,5,3,5,Die weibliche Person ändert bereits ihre Schrittrichtung während die männliche Person ihre Geschwindigkeit bereits verlangsamt.,4,2,2,2,4,2,Weibliche Person hat noch nicht reagiert. Männliche Person winkt deutlich.,2,2,3,2,,4,3,4,3,Männliche Person ändert ihre Schrittrichtung.,5,1,5,4,Weibliche Person ist stehen geblieben. Männliche Person ist fast schon auf der Straße.,4,3,2,2,2,3,Weibliche Person hat bereits ihren Kopf gedreht.,1,5,3,5,Weibliche Person hat bereits ihre Schrittrichtung geändert.,1,5,4,5,Männliche Person winkt zurück.,4,3,2,3,4,5,Weibliche Person benutzt stärker ausgeprägte Gesten.,2,2,3,3,4,3,,3,3,4,3,Sehr analog zu zweitem oder drittem Video mit vertauschten Rollen.,3,4,3,4,Weibliche Person winkt sehr schnell. Wirkt euphorisch. ,2,2,2,2,2,2,Keine starke Änderung der Bewegung der beiden.,3,2,3,4,"Weibliche Person hatte bereits die Möglichkeit, macht aber noch keine Anzeichen die Straßenseite wechseln zu wollen.",1,5,5,5,Männliche Person winkt die weibliche Person zu sich. Weibliche Person hat bereits ihre Bewegungsrichtung geändert.,3,2,1,3,2,4,,2,3,3,4,,4,3,1,3,2,5,Deutliches Winken und Ablenkung durch Smartphone.,2,3,2,4,"Männliche Person hat bereits von ihrem Smartphone aufgeschaut.
",1,5,4,5,Weibliche Person hat bereits ihre Schrittrichtung geändert.,4,2,3,1,4,2,,3,2,4,3,,3,2,4,4,Männliche Person hat die Interaktion gestartet.,4,2,2,1,4,2,"Die weibliche Person ist zusätzlich abgelenkt, was es noch unwahrscheinlicher macht, dass sie die Straßenseite wechselt.",5,1,5,3,"Die männliche Person deutet bereits an, dass sie die Straße überqueren will. Die weibliche Person hat den Blickkontakt von ihrem Smartphone gelöst und wirkt offen für eine weitere Konversation.",4,2,4,1,4,5,Weibliche Person hat männliche Person zu sich gewunken.,3,2,2,4,3,5,Weibliche Person winkt extrem stark. Männliche Person scheint nicht gleichermaßen interessiert.,1,2,2,2,2,3,Drehen des Kopfes der weiblichen Person.,2,3,2,3,Die weibliche Person zeigt mehr Anzeichen an einer Interaktion interessiert zu sein.,4,2,4,3,Die männliche Person hat bereits ihre Richtung geändert. Die weibliche Person hat aufgehört zu winken und bisher nicht gestoppt.,2,2,3,2,4,3,Männliche Person beginnt die Interaktion und winkt sehr deutlich.,2,4,4,4,Weibliche Person hat bereits begonnen die Straßenseite zu wechseln. Die männliche Person hat ihr Gesicht gedreht.,4,3,3,3,4,3,,3,3,4,4,Beide winken einander. Keiner von beiden hat aber bereits seine Bewegungsrichtung geändert.,2,1,2,2,3,4,,1,5,4,4,Weibliche Person hat bereits ihre Schrittrichtung geändert.,4,2,2,1,2,1,Die weibliche Person sieht die männliche Person nicht.,1,1,2,1,Die männliche Person sieht die weibliche Person macht aber noch keine Anstalten mit ihr zu interagieren. Die weibliche Person sieht die männliche Person noch nicht.,2,1,3,2,"Die weibliche Person sieht die männliche Person noch nicht. Die männliche Person beginnt zu interagieren, aber zeigt keine Anzeichen die Straßenseite wechseln zu wollen.",2,2,2,2,Die weibliche Person macht noch keine Anzeichen interagieren zu wollen. Die männliche Person hat ihren Kurs nicht gewechselt.,4,1,4,3,Männliche Person ändert ihre Schrittrichtung und weibliche Person winkt.,2,2,3,3,3,5,Weibliche Person scheint zu warten. ,1,5,4,5,Weibliche Person steht fast schon auf der Straße.,4,4,2,2,3,5,Überdeutliches Winken von der weiblichen Person. Männliche Person hätte weibliche Person früher sehen können. Weibliche Person scheint zu warten und entsprechend nicht daran interessiert zu sein die Straßenseite zu wechseln.,2,2,3,5,Weibliche Person winkt deutlicher.,2,2,2,2,2,2,Beide sind sich schon sehr nahe und sollten sich bereits zuvor gesehen haben.,2,3,2,3,,2,2,2,2,Weibliche Person winkt nicht stark. Männliche Person ändert kaum ihre Richtung.,5,1,5,3,Männliche Person setzt bereits dazu an die Straße zu überqueren.,1,2,2,1,3,1,Die männliche Person winkt deutlich aber bemüht sich nicht ihre Schrittrichtung zu ändern. Beide sind sich bereits sehr Nahe vor Beginn des Videos.,5,1,5,3,Männliche Person hat bereits ihre Schrittrichtung geändert. Weibliche Person hat zurückgewinkt.,1,1,2,2,3,4,Weibliche Person zeigt deutlichere Zeichen an einer Interaktion interessiert zu sein. ,1,5,4,4,Weibliche Person hat bereits angesetzt die Straße zu überqueren.,2,2,3,2,3,2,Weibliche Person hatte bereits die Möglichkeit mit der männlichen zu interagieren und hat es nicht getan.,3,2,4,2,Männliche Person winkt sehr deutlich.,3,2,4,2,Weibliche Person hätte bereits die Interaktion starten können.,3,2,2,2,2,2,Keine Zeichen der Interaktion obwohl beide sich bereits sehen können.,1,2,2,2,Die männliche Person winkt nur beiläufig und die weibliche Person scheint nur anerkennend zu nicken.,2,2,2,2,Iteraktion scheint nur beiläufig. Keiner von beiden verlangsamt oder beschleunigt sich.,5,4,2,2,2,2,,2,2,1,1,Beide sollten sich bereits gesehen haben und zeigen keine Zeichen von Interaktion.,5,5,1,2,1,2,Männliche Person scheint nicht an Interaktion interessiert zu sein.,1,2,1,2,,5,5,m,21,Informatik (Master),2
25,2020-03-22 13:11:41,98,en,643139022,2020-03-22 12:08:36,2020-03-22 13:11:41,1,1,2,1,,3,2,5,4,"Heben der Hand, gegenseitige Zuwendung",5,2,5,4,,4,2,1,1,1,1,Keine gegenseitige Beachtung,2,3,3,4,,3,2,2,3,2,4,,2,3,4,4,"M bleibt stehen, W macht deutlich auf sich aufmerksam",3,2,2,1,4,1,deutliches bemerkbar machen von M,2,2,4,2,,4,2,5,3,M bewegt sich Richtung Straße,5,1,5,4,"W bleibt stehen, M setzt an, die Straße zu überqueren",4,2,1,2,1,3,W schaut M länger hinterher,1,4,1,5,,1,5,3,5,W läuft in Richtung M,3,2,2,3,3,4,W gestikuliert von sich in Richtung M,1,1,2,1,3,1,"M würde eher nicht auf sich aufmerksam machen während W ihn nicht sieht, wenn er nicht interagieren wollte",2,2,3,2,,2,2,3,3,,2,1,1,1,1,1,,2,2,2,4,,1,5,5,5,"handzeichen durch M an W, W setzt an Straße zu überqueeren",4,2,1,2,1,3,"M ist abgelenkt, W macht deutlich auf sich aufmerksam",2,3,3,4,"M reagiert, W wendet sich in Richtung von M",4,2,1,3,1,4,,2,4,2,4,,2,4,3,5,,4,2,2,1,3,1,,2,1,3,2,,2,2,3,3,,2,1,2,1,3,1,Fokus auf das handy durch weibliche Person,5,2,5,4,,3,2,4,2,4,5,W winkt M zu sich herüber,2,1,2,3,3,4,,4,3,1,2,2,3,Weibliche Person schaut in Richtung der männlichen,2,2,3,3,,3,2,4,3,"M wendet sich W zu, W bleibt aber nach Begrüßung mit dem Körper dem Weg zugewendet",4,3,2,1,3,2,,2,4,3,4,W bewegt sich in Richtung M,3,2,2,2,2,3,,2,4,3,4,W macht Schritt auf Straße zu,3,2,2,1,3,1,,2,5,3,5,W geht in Richtung M,3,2,1,2,1,1,,1,2,1,1,,2,2,4,1,,2,2,4,3,,4,2,4,4,,3,2,1,2,1,4,,1,5,3,5,"M erwiedert Begrüßung, W geht in Ms Richtung",4,4,2,2,2,4,,2,2,3,4,,3,2,1,1,1,1,,1,1,1,2,"M schaut in andere Richtung, W schaut leicht in Richtung von M",2,2,1,2,,5,2,5,2,"Plötzlicher Impuls in M, schnelle Bewegung in Richtung W",4,2,2,1,3,2,,4,2,4,3,,2,1,1,2,2,2,eher beiläufige Begrüßung durch W,2,3,3,3,,3,2,1,1,2,1,,2,1,3,1,,3,2,4,3,,3,2,1,1,2,1,M sieht leicht in Richtung von W,2,1,3,2,Begrüßung von M wirkt eher beiläufig,2,1,3,2,,4,4,1,1,1,2,,1,1,1,1,keine gegenseitige Beachtung,5,5,1,1,1,1,,1,1,1,1,"Ms Blick streift W, wnedet sich aber wieder ab",5,5,m,25,Informatik,2
26,2020-03-22 14:34:21,98,en,1435013541,2020-03-22 13:27:56,2020-03-22 14:34:21,1,1,2,1,Kein Blickkontakt oder ähnliche Art der Kontaktaufnahme.,3,3,5,4,"Winken, Rufen, aber keine (überhetzten) Bewegungen in Richtung der anderen Straßenseite.",5,3,5,4,In letzter Sekunde wendet sich der Mann zur Straße. Ansonsten wie bei der vorherigen Frage.,3,2,1,2,1,3,Die männliche Person ist sich der Frau nicht bewusst. Die Frau winkt nicht unbedingt in die Richtung des Mannes.,3,3,5,5,"Beide Personen kommunizieren, halten aber ihre jeweilige Bewegungsrichtung bei.",4,2,1,3,2,4,Einseitige Kontaktaufnahme.,2,5,3,5,Die weibliche Person wendet sich zum Überqueren der Straße.,3,2,3,1,4,1,Einseitige Kontaktaufnahme.,4,2,5,3,Die männliche Person könnte sich zum Überqueren wenden.,5,2,5,5,Wie zuvor.,5,2,5,5,Wie zuvor.,2,2,1,2,1,2,Sie mustert ihn.,1,5,3,5,Sie wendet sich zur Kontaktaufnahme zum Überqueren.,2,5,4,5,Die männliche Person reagiert; die weibliche ist klar auf dem Weg zur anderen Straßenseite.,3,2,1,5,4,5,"Sie gibt zu verstehen, dass sie die Straße überqueren wird.",3,3,4,1,4,1,Einseitige Kontaktaufnahme; die weibliche Person scheint ihr nicht zu bemerken.,3,2,4,4,Gegenseitige Kontaktaufnahme.,2,2,4,4,Es scheint beim freundlichen Grüßen zu bleiben.,1,1,1,2,1,2,Sie mustert ihn.,2,4,3,5,Gegenseitige Kontaktaufnahme. Möglicherweise wendet sie sich zum Überqueren.,1,5,3,5,Die weibliche Person wendet sich klar zum Überqueren der Straße.,2,1,1,4,1,5,"Die männliche Person scheint die weibliche nicht zu bemerken; sie könnte die Straße überqueren, um ihn auf sie aufmerksam zu machen.",2,5,4,5,Gegenseitige Kontaktaufnahme. Sie wendet sich zum Überqueren.,4,3,1,4,1,5,"Die männliche Person ist sich der weiblichen nicht bewusst; sie könnte die Straße überqueren wollen, um ihn auf sie aufmerksam zu machen.",2,4,3,5,Sie könnte sich zum Überqueren wenden.,2,5,5,5,Sie hat sich definitiv zum Überqueren gewandt.,3,3,4,1,4,1,"Die weibliche Person scheint die männliche nicht zu bemerken. Es ist denkbar, dass er die Straße überquert, um sie auf ihn aufmerksam zu machen.",3,2,4,3,Gegenseitige Kontaktaufnahme; keine Richtungsänderung.,5,4,5,5,Beide Personen wenden sich einander zu.,4,3,3,2,5,3,Mäßige Reaktion der Frau; der Mann zeigt keine Änderung seiner Bewegungsrichtung.,5,3,5,5,Gegenseitige Kontaktaufnahme. Der Mann wendet sich zum Überqueren der Straße.,4,3,4,3,5,4,Überschwengliche Kontaktaufnahme; er könnte sich zum Überqueren wenden.,4,3,2,4,4,5,Gegenseitige Kontaktaufnahme; sie wendet sich minimal zum Überqueren.,3,3,1,2,1,2,"Bisher ist nicht klar, ob die weibliche Person die männliche Person schlicht mustert.",2,3,4,4,Zurückhaltendes Winken.,4,3,5,4,Möglicher Richtungswechsel der männlichen Person.,3,3,3,2,5,2,Die männliche Person nimmt Kontakt auf.,3,5,5,5,Die weibliche Person reagiert und wendet sich zum Überqueren.,4,3,3,2,5,3,Einseitige Kontaktaufnahme.,3,5,5,5,Sie reagiert überschwenglich und wendet sich zum Überqueren der Straße.,4,3,3,2,4,3,Einseitige Kontaktaufnahme.,2,5,4,5,Sie reagiert überschwenglich und wendet sich zum Überqueren.,2,2,1,1,1,1,Keine Kontaktaufnahme.,2,1,2,1,"Einseitiger Blickkontakt; nicht klar, ob sich die Personen kennen.",4,1,4,1,"Die männliche Person könnte die Straßenseite wechseln, weil ihn die weibliche Person nicht zu bemerken scheint.",4,2,4,3,Kontaktaufnahme. Scheinbar keine veränderte Gehrichtung.,5,2,5,4,Die männliche Person wendet sich zum Überqueren der Straße.,4,3,2,4,2,5,Einseitige Kontaktaufnahme.,2,5,5,5,Die weibliche Person wendet sich zum Überqueren.,4,2,2,4,3,5,Sie reagiert überschwenglich auf ihn.,4,2,5,5,Er könnte sich zum Überqueren gewandt haben.,4,2,1,1,1,1,"In dieser Position hätte die Kontaktaufnahme bereits stattfinden müssen, sollten sich die beiden Personen kennen.",1,1,1,1,Siehe vorherige Frage.,2,2,3,3,"Erste Kontaktaufnahme nach langem Parallellaufen. Intuitiv denke ich nicht, dass die Personen aufeinander zulaufen werden.",5,2,3,5,Die männliche Person reagiert überschwenglich.,1,1,2,2,3,4,In dieser Position hätten sich die Personen bereits vorher erkennen müssen.,5,2,5,4,Die männliche Person wendet sich zum Überqueren.,1,1,2,3,3,4,Verhaltene Kontaktaufnahme.,2,5,5,5,Sie wendet sich zum Überqueren.,2,1,1,1,2,1,Einseitiges Mustern.,2,1,4,1,Einseitige Kontaktaufnahme.,5,2,5,4,Er wendet sich zum Überqueren.,2,2,1,1,2,2,Mäßige Kontaktaufnahme.,2,2,4,4,"Verhaltenes Grüßen; intuitiv würde ich nicht vermuten, dass die Personen aufeinander zulaufen wollen.",2,2,4,4,Keine Änderung zur letzten Frage.,4,4,1,2,1,2,Die weibliche Person mustert die männliche Person.,1,1,1,1,Weiterhin keine Kontaktaufnahme; die Personen kennen sich nicht.,5,5,1,1,1,1,Keine Blicke auf die jeweils andere Straßenseite.,1,1,1,1,Er blickt kurz zu ihr; sie scheinen sich nicht zu kennen.,5,5,m,23,Informatik,2
27,2020-03-22 14:55:36,98,en,2129162699,2020-03-22 13:54:09,2020-03-22 14:55:36,2,1,2,1,"Generell besteht kein Blickkontakt zwischen den Personen, speziell da die weibliche Person vor der männlichen Person läuft. Generell könnte die Intention der männlichen Person jedoch sein, auf der linken Straßenseite aufzuschließen und dann zu Überqueren/Interagieren.",3,2,3,3,"Die männliche Person läuft gerade aus weiter und grüßt nur, daher ist nicht klar ob eine Überquerung der Straße folgen könnte. Allerdings gibt es bereits Interaktion.",5,2,4,4,Die männliche person setzt bereits zum Überqueren an. Die weibliche Person grüßt zurück.,4,3,2,3,2,4,"Wiebliche Person grüßt, keine Reaktion der männlichen Person.",2,3,4,4,Männliche Person grüßt zurück.,4,2,3,3,3,4,"Weibliche Person macht auf sich aufmerksam, Interaktion wahrscheinlicher",3,3,3,3,"Bisher macht keine Person Anstalten, die Straße zu überqueren",4,3,3,1,5,2,Männliche Person winkt und macht auf sich aufmerksam,3,2,4,3,Weibliche Person schaut zurück,5,2,5,3,"Weibliche Person geht weiter gerade aus, männliche Person bewegt sich Richtung Straße",5,1,5,5,"Weibliche Person stoppt, männliche Person bewegt sich auf Straße",4,3,2,2,2,3,Weibliche Person schaut zu männlicher Person,2,5,3,5,"Weibliche Person grüßt, männliche Person schaut zurück",2,5,4,5,Weibliche Person begibt sich auf die Straße,4,3,2,5,5,5,"Beide winken und interagieren, weibliche Person gibt zu verstehen, dass sie die Straße überqueren wird",4,4,4,3,4,3,Männliche Person macht auf sich aufmerksam,4,2,4,3,Weibliche Person dreht sich um,3,3,3,3,"Beide personen laufen weiter gerade aus, Überquerung weniger wahrscheinlich",2,2,2,3,2,4,Weibliche Person schaut zur männlichen Person,2,4,4,5,Männliche Person schaut zurück,1,5,5,5,Männliche Person winkt weibliche Person zu sich,3,2,2,4,2,4,"Weibliche Person winkt deutlich, macht auf sich aufmerksam",2,5,4,5,"Männliche Person grüßt zurück, weibliche Person bewegt sich nach rechts",4,4,2,4,2,4,"Weibliche Person grüßt, männliche Person schaut auf Smartphone",2,5,3,5,"Weibliche Person setzt zur Überquerung an, männliche Person schaut auf",2,5,4,5,"Weibliche Person bewegt sich nach rechts, männliche Person winkt zurück",4,4,4,2,5,2,"Weibliche Person schaut auf Smartphone, männliche Person winkt und macht auf sich aufmerksam",4,2,5,3,Weibliche Person schaut auf,5,2,5,4,"Weibliche Person winkt zurück, männliche Person setzt zur Überquerung an",4,4,3,2,4,3,"Männliche Person grüßt, bisher keine Reaktion der weiblichen Person.",5,2,4,4,"Männliche Person setzt an zur Überquerung, weibliche Person grüßt zurück.",3,3,5,2,5,5,Männliche Person winkt und bewegt sich in Richtung Straße,4,3,4,3,5,5,"Beide winken, männliche Person bewegt sich Richtung Straße",3,2,2,2,2,3,"Nur Blickkontakt, kein Winken. Überquerung/Interaktion daher unwahrscheinlicher.",2,2,2,2,"Nur kurzes Winken, keine Bewegung Richtung Straße.",4,2,4,3,"Bewegung der männlichen Person Richtung Straße, expliziteres Winken.",4,3,3,2,4,3,Männliche Person winkt deutlich,3,4,4,4,Weibliche Person bewegt sich nacht rechts,3,2,4,2,4,3,"Männliche Person winkt, weibliche Person schaut auf",2,5,5,5,"Männliche Person geht gerade, weibliche nach rechts",4,3,4,3,5,3,Männliche Person winkt,3,5,5,5,Weibliche Person winkt zurück und begibt sich auf die Straße,4,3,2,3,2,3,"Weibliche Person schaut suchend, könnte Interaktion starten",3,3,4,4,Männliche Person nimmt Blickkontakt auf,3,3,3,4,"Männliche Person winkt, geht aber weiter gerade aus",5,2,4,3,Männliche Person setzt zur Überquerung an,5,2,4,4,Weibliche Person winkt zurück,4,4,5,3,4,4,"Weibliche Person scheint auf männliche Person zu warten, winkt",2,5,5,5,"Weibliche Person begibt sich auf Straße, männliche Person winkt zurück",4,4,3,3,2,4,Weibliche Person wartet und winkt der männlichen Person zu,5,2,5,5,Männliche Person winkt zurück und bewegt sich auf die Straße zu,5,4,1,1,1,1,Kein Blickkontakt,1,2,1,3,Weibliche Person blickt nach rechts,2,2,2,4,"Weibliche Person winkt, aber beide gehen weiter gerade aus",5,2,5,3,Männliche Person winkt deutlich zurück und bewegt sich nach links,2,2,4,2,4,3,"Männliche Person winkt, weibliche Person schaut auf",5,2,5,3,Männliche Person bewegt sich nach links,4,2,3,3,4,5,Weibliche Person grüßt,2,5,4,5,"Weibliche Person bewegt sich nach rechts, männliche Person winkt zurück",4,3,4,2,4,2,Männliche Person dreht sich zu weiblicher Person,3,3,5,3,"Männliche Person geht weiter gerade aus, bisher keine Reaktion der weiblichen Person",5,2,5,5,"Weibliche Person winkt zurück, männliche Person bewegt sich auf die Straße",4,3,2,2,2,2,Bisher kaum Blickkontakt ,2,2,3,3,Kaum Interaktion,2,2,3,3,Beide grüßen eher zurückhaltend,4,4,2,2,1,2,Weibliche Person blick zur männlichen Person,1,1,1,1,Kein weiterer Blickkontakt,5,5,1,2,1,1,Männliche Person schaut und blickt zurück nach vorne,1,2,1,2,Beide gehen weiter gerade aus,5,5,m,25,Informatik,2
28,2020-03-22 16:02:39,98,en,404523068,2020-03-22 14:02:23,2020-03-22 16:02:39,1,1,1,1,"Ich habe keinen Hinweis erkannt, der auf die Intention oder den Wunsch hindeuten würde.",3,2,5,3,"Anhand der Blickrichtung beider Personen, der Position beider Personen und der Handbewegung der männlichen Person habe ich diese Einschätzung getroffen.",4,2,5,5,"Anhand der Blickrichtung beider Personen, der Handbewegung beider Person und der zur Straße gewandten Haltung der männlichen Person habe ich diese Einschätzung getroffen.",4,2,2,2,1,3,Anhand der Blickrichtung beider Personen und der Handbewegung der weiblichen Person habe ich diese Einschätzung getroffen.,3,3,5,5,Anhand der Handbewegung beider Person und der Haltung der beiden Personen habe ich diese Einschätzung getroffen.,4,2,3,4,4,5,Anhand der Handbewegung der weiblichen Person und der Blickrichtung beider Personen habe ich diese Einschätzung getroffen.,3,4,5,5,Anhand der Blickrichtung und Handbewegung beider Personen habe ich diese Einschätzung getroffen.,4,2,3,2,5,3,Anhand der Handbewegung und Blickrichtung der männlichen Person habe ich diese Einschätzung getroffen.,3,3,5,4,Anhand der Handbewegung der männlichen Person und der Blickrichtung beider Personen habe ich diese Einschätzung getroffen.,4,3,5,5,"Anhand der Handbewegung der weiblichen Person, der zur Straße gerichteten Haltung der männlichen Person und der Blickrichtung beider Personen habe ich diese Einschätzung getroffen.",5,2,5,5,Anhand der zur Straße gerichteten Haltung der männlichen Person und der Blickrichtung beider Personen habe ich diese Einschätzung getroffen.,4,2,2,3,2,4,Anhand der Blickrichtung der weiblichen Person habe ich diese Einschätzung getroffen.,2,4,4,5,Anhand der Handbewegung der weiblichen Person und der Blickrichtung beider Personen habe ich diese Einschätzung getroffen.,2,5,5,5,"Anhand der zur Straße gerichteten Haltung der weiblichen Person, der Handbewegung der männlichen Person und der Blickrichtung beider Personen habe ich diese Einschätzung getroffen.",4,2,3,4,5,5,Anhand der Handbewegung und Blickrichtung beider Personen habe ich diese Einschätzung getroffen.,4,2,3,2,5,3,Anhand der Handbewegung der männlichen Person habe ich diese Einschätzung getroffen.,3,3,5,4,Anhand der Handbewegung der männlichen Person und der Blickrichtung beider Personen habe ich diese Einschätzung getroffen.,3,3,5,5,Anhand der Blickrichtung und Handbewegung beider Personen habe ich diese Einschätzung getroffen.,4,2,1,2,1,2,Anhand der Blickrichtung der weiblichen Person habe ich diese Einschätzung getroffen.,3,3,4,5,Anhand der Handbewegung der weiblichen Person und der Blickrichtung beider Personen habe ich diese Einschätzung getroffen.,2,5,5,5,"Anhand der zur Straße gerichteten Haltung der weiblichen Person, der Handbewegung der männlichen Person und der Blickrichtung beider Personen habe ich diese Einschätzung getroffen.",4,2,3,4,3,5,Anhand der Handbewegung und Blickrichtung der weiblichen Person habe ich diese Einschätzung getroffen.,3,5,5,5,Anhand der Handbewegung und Blickrichtung beider Personen und der zur Straße gewandten Haltung der weiblichen Person habe ich diese Einschätzung getroffen.,4,2,2,3,3,5,Anhand der Handbewegung der weiblichen Person habe ich zu diese Einschätzung getroffen.,3,4,4,5,Anhand der Handbewegung der weiblichen Person und der Blickrichtung beider Personen habe ich diese Einschätzung getroffen.,2,5,5,5,"Anhand der zur Straße gerichteten Haltung der weiblichen Person, der Handbewegung der männlichen Person und der Blickrichtung beider Personen habe ich diese Einschätzung getroffen.",4,2,3,2,5,3,Anhand der Handbewegung und Blickrichtung der männlichen Person habe ich diese Einschätzung getroffen.,3,2,5,4,Anhand der Handbewegung der männlichen Person und der Blickrichtung beider Personen habe ich diese Einschätzung getroffen.,4,3,5,5,Anhand der zur Straße gerichteten Haltung der männlichen Person und der Handbewegung und Blickrichtung beider Personen habe ich diese Einschätzung getroffen.,4,2,3,2,5,3,Anhand der Handbewegung der männlichen Person habe ich diese Einschätzung getroffen.,5,2,5,5,Anhand der Handbewegung beider Person und der zur Straße gewandten Haltung der männlichen Person habe ich diese Einschätzung getroffen.,4,2,5,2,5,5,Anhand der Handbewegung beider Personen habe ich diese Einschätzung getroffen.,4,2,3,4,5,5,Anhand der Handbewegung und Blickrichtung beider Personen habe ich diese Einschätzung getroffen.,4,2,2,3,2,3,Anhand der Blickrichtung der weiblichen Person habe ich diese Einschätzung getroffen.,3,3,4,4,Anhand der Blickrichtung beider Personen und der Handbewegung der weiblichen Person habe ich diese Einschätzung getroffen.,4,3,5,5,Anhand der Blickrichtung beider Personen und der Handbewegung bzw. Haltung der männlichen Person habe ich diese Einschätzung getroffen.,4,2,3,2,5,4,Anhand der Handbewegung der männlichen Person und der Blickrichtung beider Personen habe ich diese Einschätzung getroffen.,3,5,5,5,Anhand der zur Straße gerichteten Haltung der weiblichen Person und der Handbewegung und Blickrichtung beider Personen habe ich diese Einschätzung getroffen.,4,2,3,3,5,4,Anhand der Handbewegung der männlichen Person und der Blickrichtung beider Personen habe ich diese Einschätzung getroffen.,2,5,5,5,Anhand der zur Straße gerichteten Haltung der weiblichen Person und der Blickrichtung und Handbewegung beider Personen habe ich diese Einschätzung getroffen.,4,2,3,3,5,4,Anhand der Handbewegung der männlichen Person und der Blickrichtung beider Personen habe ich diese Einschätzung getroffen.,2,5,5,5,"Anhand der zur Straße gerichteten Haltung der weiblichen Person, der Handbewegung der weiblichen Person und der Blickrichtung beider Personen habe ich diese Einschätzung getroffen.",4,2,1,2,1,1,Anhand der wartenden Haltung der weiblichen Person habe ich diese Einschätzung getroffen.,3,3,3,3,Anhand der Blickrichtung der männlichen Person und der wartenden Haltung der weiblichen Person habe ich diese Einschätzung getroffen.,4,4,5,4,Anhand der Blickrichtung und Handbewegung der männlichen Person und der wartenden Haltung der weiblichen Person habe ich diese Einschätzung getroffen.,4,4,5,4,Anhand der Blickrichtung beider Personen und der Handbewegung der männlichen Person habe ich diese Einschätzung getroffen.,4,4,5,5,Anhand der Blickrichtung und der Handbewegung beider Personen habe ich diese Einschätzung getroffen.,4,3,3,4,3,5,Anhand der Handbewegung und Blickrichtung der weiblichen Person habe ich diese Einschätzung getroffen.,2,5,5,5,"Anhand der Handbewegung der männlichen Person, der zur Straße gerichteten Haltung der weiblichen Person und der Blickrichtung beider Personen habe ich diese Einschätzung getroffen.",4,2,4,3,4,5,Anhand der Handbewegung der weiblichen Person und der Blickrichtung beider Personen habe ich diese Einschätzung getroffen.,4,3,5,5,Anhand der Handbewegung und der Blickrichtung beider Personen habe ich diese Einschätzung getroffen.,4,2,1,1,1,1,"Ich habe keine Hinweise gesehen, die auf die Intention oder den Wunsch hindeuten.",1,2,1,2,Anhand der Blickrichtung der weiblichen Person habe ich diese Einschätzung getroffen.,2,3,3,5,Anhand der Handbewegung der weiblichen Person und der Blickrichtung beider Personen habe ich diese Einschätzung getroffen.,5,3,5,5,Anhand der Blickrichtung und Handbewegung beider Personen und der zur Straße gerichteten Haltung der männlichen Person habe ich diese Einschätzung getroffen.,3,2,3,2,5,4,Anhand der Handbewegung der männlichen Person und der Blickrichtung beider Personen habe ich diese Einschätzung getroffen.,4,3,5,5,"Anhand der Handbewegung der weiblichen Person, der zur Straße gerichteten Haltung der männlichen Person und der Blickrichtung beider Personen habe ich diese Einschätzung getroffen.",4,2,3,4,4,5,Anhand der Handbewegung der weiblichen Person und der Blickrichtung beider Personen habe ich diese Einschätzung getroffen.,3,4,5,5,Anhand der Handbewegung und der Blickrichtung beider Personen habe ich diese Einschätzung getroffen.,4,2,2,1,3,1,Anhand der Blickrichtung der männlichen Person habe ich diese Einschätzung getroffen.,3,2,5,3,Anhand der Handbewegung der männlichen Person habe ich diese Einschätzung getroffen.,3,3,5,5,Anhand der Handbewegung und Blickrichtung beider Personen habe ich diese Einschätzung getroffen.,4,2,2,1,2,1,Anhand der Blickrichtung der männlichen Person habe ich diese Einschätzung getroffen.,3,2,5,3,Anhand der Handbewegung der männlichen Person und der Blickrichtung beider Personen habe ich diese Einschätzung getroffen.,3,3,5,5,"Anhand der Blickrichtung, Handbewegung und Ausrichtung der beiden Personen habe ich diese Einschätzung getroffen.",5,3,1,2,1,2,Anhand der Blickrichtung der weiblichen Person habe ich diese Einschätzung getroffen.,1,1,1,1,"Ich habe keinen Hinweise erkannt, der auf die Intention oder den Wunsch hindeutet.",5,4,1,1,1,1,"Ich habe keine Hinweise gesehen, die auf die Intention oder den Wunsch hindeuten.",1,1,1,1,"Ich habe keine Hinweise gesehen, die auf die Intention oder den Wunsch hindeuten.",5,4,m,22,Informatik,2
29,2020-03-22 15:03:06,98,en,1076840816,2020-03-22 14:08:12,2020-03-22 15:03:06,1,1,1,1,"beide schauen gerade aus, kein Blickkontakt, keine Hinweise auf eine Interaktion",4,2,5,3,"männliche Person hebt ihr Bein, dieses ist leicht zur Straßenseite hin geneigt, hebt die Hand und ruft den Namen der anderen Person
weibliche Person: regiert auf den Ruf und wendet sich der anderen Person zu; Wahrscheinlichkeit auf die Straße zu laufen trotzdem gering, da der Körper immer noch nach vorne gerichtet ist",5,3,5,3,"männliche Person: Schrittrichtung geht zur Straße hin, keine Aufmerksamkeit auf die Straße, voller Fokus auf die andere Person
weibliche Person: wendet ihr Körperachse immer mehr der anderen Person zu",4,2,1,2,1,2,"m: hat die andere Person noch gar nicht bemerkt
w: winkt zwar, aber keine Zuwendung zu der andere Person",2,2,4,4,"beider interagieren miteinander, sehen aber nicht so aus, als würden sie die Straße überqueren wollen",3,2,2,2,3,3,,3,3,4,4,,3,3,4,2,4,2,,4,2,3,3,,5,3,4,4,,5,2,5,4,,4,2,2,3,2,4,,3,5,3,4,,1,5,4,4,,4,3,3,3,4,4,"beide Winken, aber weibliche Person zeigt noch auf etwas?, Grund warum sie nicht auf die Straße gehen wird oder ist es doch ein ""Herwink-Bewegung""",2,2,4,2,4,2,,4,2,3,3,,3,2,4,4,,2,1,1,2,2,3,,2,4,4,4,,1,5,5,5,,2,1,1,3,1,5,,2,5,4,5,,4,3,1,2,1,4,,3,3,4,4,,3,5,4,5,,4,2,4,1,3,1,,4,2,3,4,,5,3,5,4,,4,3,2,2,4,3,"männliche Person, winkt, behält aber ihre Laufrichtung bei
weibliche Person fängt an aufzuschauen, aber keine Richtungsänderung ",5,3,5,3,"m: spontane Richtungsänderung + gehobene Hand
w: wirkt dem Winker zugetan, winkt zurück ",4,3,5,5,5,5,"schnelle Bewegungen, einander zugerichtet",2,1,4,4,4,4,"beide winken sich, sind einander zugewandt, etc.",4,4,2,3,2,4,,2,2,3,3,,5,3,5,3,,5,4,3,2,4,3,,4,4,4,4,,4,2,5,2,4,4,,3,4,4,4,,4,3,4,3,4,3,,2,4,4,5,,4,2,1,1,1,1,,1,2,3,2,,2,1,4,2,,4,2,4,3,,4,3,5,3,,4,3,1,4,2,4,,2,5,4,5,,4,2,2,3,3,4,,4,3,4,4,,3,2,1,1,3,1,,1,2,2,3,,2,3,2,3,,5,2,5,3,,5,3,2,2,3,3,,4,2,4,3,,4,3,2,2,3,3,,3,4,4,4,"Blickrichtung, schnelle der Bewegungen, Körperachse",3,2,2,1,3,2,"männliche Person schaut weibliche Person an, ansonsten keine Interaktion ",4,2,3,2,männliche Person winkt weiblicher Person,4,3,4,3,"beide Personen winken einander, männliche Person wendet sich der weiblichen Person zu",4,2,2,2,2,2,,2,2,4,3,,2,2,4,4,,5,5,1,1,2,3,,1,1,1,1,,5,5,1,1,1,1,,1,1,1,1,,5,5,f,22,Psychologie,1
30,2020-03-22 18:18:52,98,en,826242300,2020-03-22 16:44:32,2020-03-22 18:18:52,2,1,2,1,"Der Mann geht hinter der Frau, sodass es sein könnte, dass er hinter ihr herläuft, allerdings geht er nicht besonders schnell und schaut auch nicht zu ihr hin.
Die Frau geht vor dem Mann und schaut auch nicht zurück. ",3,2,5,3,"Der Mann schaut zu der Frau, hebt seine Hand und spricht sie an, daher scheint es ihm wichtig zu sein, mit ihr zu kommunizieren. Er bewegt sich dennoch geradeaus. Die Frau schaut nur zur Seit zu dem Mann, dreht den Körper nicht zur Straße.",5,2,5,4,"Der Mann geht bereits Richtung Straße. Die Frau bleibt mit ihrer Körperbewegung noch stabil auf dem Fußweg, wendet sich mit dem Oberkörper aber schon dem Mann zu.",5,3,1,3,1,4,,2,4,4,4,"Der Mann dreht sich um und winkt zurück, dabei macht er zum Schluss eine Handbewegung, die so gedeutet werden könnte, dass die Frau zu ihm auf die Straßenseite kommen solle. Die Frau geht zunächst stabil weiter geradeaus und winkt aber weiter.",5,3,3,4,3,5,,2,5,4,5,"Die Frau winkt weiter und geht schon Richtung Straße. Der Mann dreht sich zur Frau um winkt auch und sieht dann, dass sie sich bereits auf ihn zubewegt.",5,3,3,1,5,1,"Der Mann winkt der Frau zu, aber geht stabil geradeaus. Die Frau bemerkt den Mann noch nicht.",4,2,5,3,Die Frau bemerkt den Mann und schaut zu ihm. Der Mann winkt weiter und macht einen leichten Schlenker Richtung Straße. ,5,2,5,3,"Der Mann geht Richtung Straße. Die Frau winkt nur und behält ihren Oberkörper gerade in der Richtung, in der sie geht.",5,2,5,4,Der Mann geht weiter Richtung Straße und die Frau bleibt stehen und dreht sich in Richtung Mann. ,5,3,1,3,1,3,Die Frau bemerkt den Mann und schaut zu ihm. Der Mann geht stabil geradeaus.,2,5,3,5,Die Frau winkt dem Mann zu und geht Richtung Straße. Der Mann geht noch geradeaus und schaut zu der Frau.,1,5,4,5,"Die Frau geht gezielt auf die Straße zu. Der Mann winkt, bleibt aber körperlich geradeaus zugewandt.",5,3,2,5,4,5,"Die Frau winkt dem Mann zu und macht eine Handbewegung, die ich so deuten würde, dass sie bedeutet, dass sie dem Mann zeigen will, dass sie zu ihm herüberkommt.
Der Mann winkt auffällig zurück und dreht sich zur Frau.",5,3,3,1,4,1,,3,2,4,3,"Der Mann winkt, aber der Arm ist mittelhoch und er geht weiter geradeaus. Die Frau dreht ihren Kopf zu dem Mann aber geht stabil geradeaus.",3,2,4,3,"Der Mann geht weiter geradeaus, schaut jedoch noch zu der Frau. Die Frau winkt, aber geht auch weiter geradeaus.",5,3,1,2,1,3,"Der Mann geht normal geradeaus und schaut nach vorne. Die Frau schaut zum Mann, winkt nicht und geht weiter geradeaus.",2,4,3,5,Die Frau winkt dem Mann zu. Der Mann dreht sich mit dem Kopf zu der Frau.,1,5,5,5,Der Mann winkt die Frau zu sich herüber. Die Frau bewegt sich auf die Straße zu.,5,3,1,4,1,5,Die Frau winkt sehr auffällig dem Mann zu. Der Mann schaut auf sein Handy.,2,5,5,4,,5,3,1,4,1,4,,2,5,3,5,Die Frau bewegt sich Richtung Straße. Der Mann schaut die Frau an und wechselt die Hand mit der er das Handy festhält.,3,5,4,5,Die Frau geht weiter Richtung Straße. Der Mann wendet sich der Frau mehr zu und winkt auffällig.,5,3,4,1,4,1,,4,2,5,3,,5,2,5,4,,5,3,3,1,5,2,"Der Mann hebt die Hand und spricht die Frau an, er geht aber dennoch stabil weiter geradeaus. Die Frau schaut vom Handy hoch und blickt zu dem Mann.",5,1,5,4,"Der Mann wendet sich abrupt der Straße zu und geht einen Schritt auf die Straße zu, während er weiter winkt.
Die Frau winkt freudig zurück geht aber konstant weiter geradeaus.",5,3,5,2,4,5,Die Frau winkt den Mann zu sich. Der Mann winkt der Frau zu.,5,3,3,4,4,5,"Die Frau winkt dem Mann sehr auffällig zu. Der Mann wechselt die Hand, mit der er sein Handy festhält und winkt zurück, geht dabei stabil geradeaus.",5,3,1,2,1,3,"Beide gehen noch geradeaus, aber die Frau schaut bereits einmal herüber zu dem Mann.",2,3,2,3,"Die Frau winkt dem Mann, aber nicht zu enthusiastisch. Der Mann schaut zu der Frau.",4,2,4,3,"Der Mann winkt auffälliger als die Frau. Die Frau geht weiter geradeaus, nachdem sie aufgehört hat zu winken.",5,3,4,2,4,2,,4,5,4,4,Als die Frau den Mann erblickt winkt sie und bewegt sich direkt zur Straße hin. Der Mann hat seinen Körper in Richtung Frau gedreht und winkt auffällig.,5,3,4,2,4,3,,3,5,5,5,Die Frau winkt dem Mann zurück und bewegt sich auf die Straße zu. Der Mann winkt und wendet den Körper nur leicht zur Frau.,5,3,4,2,4,2,Der Mann winkt der Frau zu. Die Frau schaut zu dem Mann herüber.,3,5,4,5,"Der Mann nimmt den Arm wieder herunter, schaut noch zu der Frau und geht geradeaus. Die Frau winkt und geht einen Schritt Richtung Straße. ",5,3,1,4,2,4,"Es sieht so aus, als könnte die Frau auf den Mann warten, dass er auftaucht.",2,4,2,4,,4,4,4,4,"Der Mann winkt der Frau zu, die sich immer noch wartend stehend mehr zur Straße wendet.",3,4,4,4,"Der Mann geht stabil weiter geradeaus, obwohl er weiter der Frau zuwinkt.",5,2,5,4,"Der Mann geht schon Richtung Straße. Die Frau winkt, bleibt aber stehen.",5,3,2,5,2,5,,2,5,4,5,"Die Frau steht schon fast auf der Straße und geht in Richtung des Mannes. Der Mann winkt, aber geht weiter geradeaus.",5,3,4,4,3,5,"Die Frau steht, mit dem Körper dem Mann gewandt und winkt sehr auffällig. Der Mann schaut zu der Frau herüber.",5,3,5,5,"Der Mann winkt der Frau und macht einen leichten Schlenker zur Straße. Die Frau setzt einen Fuß nach vorne, wirkt aber so, als würde sie stehen bleiben.",5,3,1,3,1,1,Die Frau schaut zur andere Straßenseite.,1,3,1,3,Die Frau schaut zum Mann herüber. Beide gehen geradeaus weiter.,2,3,2,3,Die Frau winkt zurückhaltend und der Mann schaut nur rüber zu der Frau.,5,1,5,3,Der Mann winkt der Frau zu und macht direkt eine Bewegung zur Straße hin. Die Frau geht weiter geradeaus.,5,3,4,2,4,3,Der Mann winkt auffällig und geht schon leicht in Richtung der Straße. Die Frau schaut zum Mann herüber.,5,2,5,3,,5,3,3,4,3,4,Der Mann wendet den Blick der Frau zu und dreht auch leicht seine Schulter. Die Frau winkt dem Mann zu und ihre Körperhaltung dreht sich in seine Richtung.,2,5,4,5,"Der Mann winkt der Frau zu, bleibt aber stabil in der Körperrichtung. Die Frau geht einen Schritt auf die Straße zu.",5,3,3,1,3,1,Der Mann schaut zu der Frau herüber geht aber geradeaus. Die Frau geht und schaut normal geradeaus.,3,1,3,1,Der Mann winkt der Frau geht aber weiter geradeaus. Die Frau schaut weiterhin geradeaus und geht stabil weiter. ,4,2,4,3,Der Mann hört auf zu winken und dreht sich ein wenig in die Richtung der Frau. Die Frau winkt verhalten.,5,3,3,2,3,2,Der Mann erblickt die Frau.,3,2,3,3,"Der Mann winkt der Frau, aber nur mit halbhohem Arm, was darauf hindeuten könnte, dass er nur kurz grüßen möchte. Die Frau schaut zu dem Mann, geht weiter geradeaus.",3,3,3,3,"Beide winken sich zu, jedoch nicht zu euphorisch. Beide bleiben stabil in ihrem Gang.",5,3,1,3,1,3,,1,1,1,1,Die Frau schaut kurz zu dem Mann dann wieder geradeaus und beide gehen weiter.,5,4,1,1,1,1,"Die Frau geht normal geradeaus. Der Mann geht geradeaus, sieht kurz zu der Frau, dann jedoch wieder nach vorne. ",1,1,1,1,Beide gehen normal geradeaus auf dem Bürgersteig.,5,5,f,32,Psychologie,2
31,2020-03-22 21:24:16,98,en,1105470896,2020-03-22 17:35:53,2020-03-22 21:24:16,1,1,2,1,"Mann ruft nicht, läuft einfach weiter",4,2,5,3,"Mann ruft, will eindeutig interagieren und öffnet Körperhaltung in Richtung der Frau, aber es ist unklar, ob diese auch interagieren will. Wahrscheinlich würde eher er zu ihr gehen, auch weilr echts mehr Platz ist",4,2,5,4,"Dieses Mal winkt sie auch zurück, also will sehr wahrscheinlich interagieren",4,3,2,3,2,4,Frau winkt ihm zu,2,3,3,4,"Er reagiert zwar und wendet sich ihr zu, aber läuft weiter",5,4,3,4,3,5,Er wirkt etwas skeptisch,3,4,5,5,Jetzt interagieren sie ja schon,4,4,4,3,5,4,er agiert,4,3,5,4,er agiert,4,3,5,4,"er agiert, sie reagiert",5,2,5,4,er geht zu ihr,4,3,2,4,3,5,sie bewegt sich auf ihn zu,2,5,3,5,sie geht auf ihn zu,1,5,4,5,sie geht auf ihn zu,3,2,3,5,4,5,Sie macht irgendetwas???,2,1,4,2,5,2,Sie beachtet ihn (noch) nicht,4,2,5,3,"Sie dreht sich um, aber reagiert (noch) nicht",4,3,5,4,"Sie grüßt zurück, aber läuft noch weiter",1,2,2,3,3,4,sie sieht ihn an,3,4,4,5,er sieht sie jetzt,2,5,5,5,Sie geht auf ihn zu,4,2,2,4,2,5,"Sie macht auf sich aufmerksam, er guckt aufs Handy",3,4,4,5,"Sie hat die Interaktion begonnen, er reagiert jetzt auf sie",4,3,3,5,3,5,"sie findet ihn gut, er guckt noch aufs Handy",3,5,4,5,er sieht jetzt zu ihr,2,5,4,5,sie bewegt sich auf ihn zu,4,3,4,3,5,3,er sieht sie und agiert,4,3,5,4,sie sieht ihn jetzt,4,3,5,5,beide reagieren aufeinander,4,4,3,2,4,3,"Sie schaut noch auf ihr Handy, er möchte definitiv interagieren",5,3,5,5,"Der Mann dreht sich in Richtung Straße, sie erkennt ihn und reagiert, läuft aber noch parallel zum Gehweg",3,2,2,1,4,5,sie winkt ihn rüber,4,3,3,4,4,5,sie macht ihn auf sich aufmerksam,4,3,3,3,3,3,Sie sehen einander an,3,3,3,4,Sie winkt,3,2,4,4,"Sie winken einander zu, sie läuft weiter",4,4,4,2,5,3,"er grüßt sie, sie macht noch nix",2,5,4,5,sie geht auf ihn zu,2,1,4,3,5,4,er agiert,2,5,4,5,sie geht auf ihn zu,2,2,3,3,5,4,er macht sie auf sich aufmerksam,3,5,5,5,sie geht auf ihn zu,4,5,4,2,4,4,Sie sieht aus als würde sie auf jemanden warten,4,3,4,4,Er sieht sie an,4,3,5,4,"Er macht auf sich aufmerksam, bei ihr ist mehr Platz und sie wartet, wahrscheinlich wechselt er die Seite",4,3,5,4,gleich wie eben,5,3,5,5,Er bewegt sich auf sie zu,4,3,4,3,4,5,sie sieht aus als hätte sie auf ihn gewartet,2,5,4,5,sie geht auf ihn zu,4,2,4,3,4,5,sie macht ihn auf sich aufmerksam,5,2,4,5,sie winkt ihm zu und er sieht aus als würde er zu ihr gehen,4,4,2,3,1,2,sie guckt etwas in Richtung Straße,2,3,1,3,sie guckt zu ihm,2,3,3,5,sie reagiert auf ihn,5,3,5,5,er bewegt sich auf sie zu,2,2,3,2,5,3,er macht sie auf sich aufmerksam,4,3,5,4,reagieren aufeinander,4,3,3,3,4,4,reagieren aufeinander,4,4,5,5,"reagieren aufeinander, wenden sich beide einander zu ",4,4,3,1,4,2,er sieht sie an ,3,2,5,2,er sieht sie erstmal nur und macht sie auf sich aufmerksam,3,3,5,4,er macht sie auf sich aufmerksam,3,2,3,3,3,3,sehen einander an,3,4,4,4,"sehen einander an, sie wendet sich ihm zu, er aber scheint weuterzugehen",3,3,4,4,"Interagieren bereits, aber Körperhaltung eher zurückgelehnt",3,3,2,4,3,4,sie uckt ihn an,2,2,2,2,sie guckt wieder weg,4,5,1,2,1,2,er sieht nur kurz hin,1,1,1,2,same,4,5,f,22,Psychologie,2
32,2020-03-23 15:30:56,98,en,73618003,2020-03-23 14:12:36,2020-03-23 15:30:55,1,1,1,1,,2,2,4,3,,5,2,5,4,,1,4,1,3,1,4,,2,3,2,4,,5,4,3,3,3,5,,3,4,4,5,,4,3,3,1,4,1,,4,2,4,3,,3,1,4,2,,5,2,4,3,,5,3,1,3,1,4,,2,5,3,5,,2,5,3,5,,5,4,2,4,3,4,,4,4,3,2,4,2,,2,2,3,2,,2,1,2,1,,2,2,1,3,1,3,,2,4,2,4,,1,5,4,4,,5,4,1,3,1,4,,2,4,3,5,,4,3,1,3,2,4,,3,3,3,4,,2,5,3,5,,4,3,3,1,4,2,,2,1,3,2,,2,2,3,2,,4,3,2,1,3,2,,5,1,5,3,,5,4,4,1,3,4,,4,2,2,2,3,3,,3,2,1,2,1,3,,2,2,2,3,,4,2,4,2,,3,3,2,3,3,3,,2,4,3,4,,4,3,3,2,4,3,,2,4,3,4,,4,4,3,2,4,2,,2,5,3,5,,4,3,1,1,1,1,,1,3,1,1,,1,4,3,2,,3,2,4,2,,4,2,4,4,,5,3,4,3,3,5,,2,5,4,5,,4,3,4,2,3,4,,2,4,3,4,,4,3,1,1,1,1,,1,2,1,3,,1,1,2,3,,5,1,4,3,,3,3,2,1,4,2,,5,2,5,4,,4,3,3,2,3,3,,2,5,3,5,,5,4,3,2,3,2,,2,3,3,2,,4,2,3,3,,4,3,1,1,1,1,,2,2,2,2,,3,3,2,2,,4,3,1,2,1,3,,1,1,1,1,,5,5,1,1,1,1,,1,1,1,1,,5,5,f,25,Informatik,2
